-- MariaDB dump 10.17  Distrib 10.4.15-MariaDB, for Linux (x86_64)
--
-- Host: mysql.hostinger.ro    Database: u574849695_25
-- ------------------------------------------------------
-- Server version	10.4.15-MariaDB-cll-lve

/*!40101 SET @OLD_CHARACTER_SET_CLIENT=@@CHARACTER_SET_CLIENT */;
/*!40101 SET @OLD_CHARACTER_SET_RESULTS=@@CHARACTER_SET_RESULTS */;
/*!40101 SET @OLD_COLLATION_CONNECTION=@@COLLATION_CONNECTION */;
/*!40101 SET NAMES utf8mb4 */;
/*!40103 SET @OLD_TIME_ZONE=@@TIME_ZONE */;
/*!40103 SET TIME_ZONE='+00:00' */;
/*!40014 SET @OLD_UNIQUE_CHECKS=@@UNIQUE_CHECKS, UNIQUE_CHECKS=0 */;
/*!40014 SET @OLD_FOREIGN_KEY_CHECKS=@@FOREIGN_KEY_CHECKS, FOREIGN_KEY_CHECKS=0 */;
/*!40101 SET @OLD_SQL_MODE=@@SQL_MODE, SQL_MODE='NO_AUTO_VALUE_ON_ZERO' */;
/*!40111 SET @OLD_SQL_NOTES=@@SQL_NOTES, SQL_NOTES=0 */;

--
-- Table structure for table `communities`
--
/*
 * 1. Заполнить все таблицы БД vk данными (по 10-100 записей в каждой таблице).
 * 
 * Выполнил через сайт http://filldb.info/
 */
/*
 * 2. Написать скрипт, возвращающий список имен (только firstname) пользователей без повторений в алфавитном порядке.
 */
SELECT distinct firstname FROM users; -- что бы вывести уникальные имена,указывая distinct убираем all который по умолчанию
ORDER BY firstname;  -- указывает по какому полю делать сортировку

/*
 * 3. Первые пять пользователей пометить как удаленные.
 * 
 * Что то сделал видимо не так, данные в таблице не обновляются, непойму что неверно сделано 
 */
UPDATE `users`
SET 
	`is_deleted` = 1
WHERE `is_deleted`
LIMIT 5;

/*
 * 4. Написать скрипт, удаляющий сообщения «из будущего» (дата больше сегодняшней).
 */
delete from messages
where created_at IN (
select id from users 
where created_at > NOW());
/*
 * 5. Написать название темы курсового проекта.
 * 
 * Проектирование базы данных интернет магазина подарков
 * 
 */



DROP DATABASE IF EXISTS vk;
CREATE DATABASE vk;
USE vk;

DROP TABLE IF EXISTS `communities`;
/*!40101 SET @saved_cs_client     = @@character_set_client */;
/*!40101 SET character_set_client = utf8 */;
CREATE TABLE `communities` (
  `id` bigint(20) unsigned NOT NULL AUTO_INCREMENT,
  `name` varchar(150) COLLATE utf8mb4_unicode_ci DEFAULT NULL,
  `admin_user_id` bigint(20) unsigned DEFAULT NULL,
  PRIMARY KEY (`id`),
  KEY `communities_name_idx` (`name`),
  KEY `admin_user_id` (`admin_user_id`),
  CONSTRAINT `communities_ibfk_1` FOREIGN KEY (`admin_user_id`) REFERENCES `users` (`id`) ON DELETE SET NULL ON UPDATE CASCADE
) ENGINE=InnoDB AUTO_INCREMENT=101 DEFAULT CHARSET=utf8mb4 COLLATE=utf8mb4_unicode_ci;
/*!40101 SET character_set_client = @saved_cs_client */;

--
-- Dumping data for table `communities`
--

LOCK TABLES `communities` WRITE;
/*!40000 ALTER TABLE `communities` DISABLE KEYS */;
INSERT INTO `communities` VALUES (1,'officia',1),(2,'quas',2),(3,'necessitatibus',3),(4,'quaerat',4),(5,'voluptatem',5),(6,'sit',6),(7,'nemo',7),(8,'quis',8),(9,'dignissimos',9),(10,'neque',10),(11,'corporis',11),(12,'alias',12),(13,'eligendi',13),(14,'voluptatem',14),(15,'odit',15),(16,'voluptatem',16),(17,'quia',17),(18,'consequatur',18),(19,'nihil',19),(20,'repellat',20),(21,'labore',21),(22,'labore',22),(23,'sit',23),(24,'velit',24),(25,'ducimus',25),(26,'et',26),(27,'libero',27),(28,'ex',28),(29,'cum',29),(30,'voluptatem',30),(31,'nemo',31),(32,'deserunt',32),(33,'animi',33),(34,'esse',34),(35,'voluptatum',35),(36,'et',36),(37,'ratione',37),(38,'sit',38),(39,'possimus',39),(40,'accusantium',40),(41,'laudantium',41),(42,'est',42),(43,'eos',43),(44,'consequatur',44),(45,'fuga',45),(46,'ea',46),(47,'esse',47),(48,'omnis',48),(49,'soluta',49),(50,'praesentium',50),(51,'cumque',51),(52,'esse',52),(53,'a',53),(54,'quod',54),(55,'odit',55),(56,'quasi',56),(57,'voluptatem',57),(58,'ea',58),(59,'cum',59),(60,'eveniet',60),(61,'vero',61),(62,'optio',62),(63,'animi',63),(64,'molestias',64),(65,'ab',65),(66,'eligendi',66),(67,'consequuntur',67),(68,'at',68),(69,'aut',69),(70,'nihil',70),(71,'corrupti',71),(72,'laudantium',72),(73,'nulla',73),(74,'mollitia',74),(75,'sed',75),(76,'veritatis',76),(77,'doloribus',77),(78,'consequuntur',78),(79,'consectetur',79),(80,'beatae',80),(81,'deserunt',81),(82,'eveniet',82),(83,'omnis',83),(84,'fugit',84),(85,'eos',85),(86,'dolorem',86),(87,'suscipit',87),(88,'quia',88),(89,'voluptas',89),(90,'qui',90),(91,'pariatur',91),(92,'ullam',92),(93,'voluptates',93),(94,'voluptates',94),(95,'dolor',95),(96,'autem',96),(97,'praesentium',97),(98,'ut',98),(99,'est',99),(100,'non',100);
/*!40000 ALTER TABLE `communities` ENABLE KEYS */;
UNLOCK TABLES;

--
-- Table structure for table `friend_requests`
--

DROP TABLE IF EXISTS `friend_requests`;
/*!40101 SET @saved_cs_client     = @@character_set_client */;
/*!40101 SET character_set_client = utf8 */;
CREATE TABLE `friend_requests` (
  `initiator_user_id` bigint(20) unsigned NOT NULL,
  `target_user_id` bigint(20) unsigned NOT NULL,
  `status` enum('requested','approved','declined','unfriended') COLLATE utf8mb4_unicode_ci DEFAULT NULL,
  `requested_at` datetime DEFAULT current_timestamp(),
  `updated_at` datetime DEFAULT NULL ON UPDATE current_timestamp(),
  PRIMARY KEY (`initiator_user_id`,`target_user_id`),
  KEY `target_user_id` (`target_user_id`),
  CONSTRAINT `friend_requests_ibfk_1` FOREIGN KEY (`initiator_user_id`) REFERENCES `users` (`id`) ON DELETE CASCADE ON UPDATE CASCADE,
  CONSTRAINT `friend_requests_ibfk_2` FOREIGN KEY (`target_user_id`) REFERENCES `users` (`id`) ON DELETE CASCADE ON UPDATE CASCADE
) ENGINE=InnoDB DEFAULT CHARSET=utf8mb4 COLLATE=utf8mb4_unicode_ci;
/*!40101 SET character_set_client = @saved_cs_client */;

--
-- Dumping data for table `friend_requests`
--

LOCK TABLES `friend_requests` WRITE;
/*!40000 ALTER TABLE `friend_requests` DISABLE KEYS */;
INSERT INTO `friend_requests` VALUES (1,1,'approved','2021-01-19 03:56:33','1970-10-27 05:08:53'),(2,2,'approved','1973-11-17 04:27:16','1979-09-09 15:09:08'),(3,3,'approved','1989-02-18 04:18:51','1973-12-14 20:10:51'),(4,4,'unfriended','1999-11-13 12:58:27','1984-08-24 12:56:12'),(5,5,'approved','1983-08-19 15:12:29','1991-08-27 14:39:03'),(6,6,'declined','2012-02-02 06:59:37','1980-12-20 17:28:14'),(7,7,'declined','2012-10-16 18:45:15','1993-03-10 11:44:55'),(8,8,'requested','1980-10-13 16:05:56','1992-03-12 08:32:09'),(9,9,'requested','2000-07-28 08:06:43','2016-07-10 00:45:22'),(10,10,'requested','1983-03-07 02:26:39','2005-03-24 00:42:12'),(11,11,'approved','2020-03-20 05:08:30','1995-07-12 04:12:33'),(12,12,'approved','1970-08-21 21:30:59','1984-05-05 08:06:22'),(13,13,'declined','1991-12-29 07:42:21','2001-12-27 06:21:43'),(14,14,'requested','1985-05-24 17:50:47','1999-04-05 02:43:14'),(15,15,'declined','2003-02-02 14:47:02','1979-11-24 16:51:26'),(16,16,'declined','2019-12-11 03:26:51','2005-05-27 20:23:38'),(17,17,'requested','1988-01-28 23:51:20','1996-02-06 09:52:30'),(18,18,'unfriended','1995-04-18 03:04:33','1987-03-31 14:32:45'),(19,19,'unfriended','1976-09-18 06:02:57','1991-01-11 20:12:42'),(20,20,'approved','2013-06-30 09:25:01','1983-01-01 17:41:15'),(21,21,'unfriended','1973-06-16 18:22:32','2002-02-07 23:12:58'),(22,22,'declined','2005-03-29 17:52:49','1980-06-21 12:02:50'),(23,23,'declined','1989-10-20 08:28:47','1974-04-13 14:12:52'),(24,24,'declined','1998-03-07 20:40:45','2014-01-26 04:06:52'),(25,25,'unfriended','1974-02-18 01:44:25','1991-10-15 17:34:21'),(26,26,'approved','1980-01-23 03:00:33','1988-11-30 15:38:21'),(27,27,'approved','2020-04-24 20:47:48','1978-04-17 13:38:01'),(28,28,'requested','2009-10-08 12:36:45','1970-12-17 18:29:30'),(29,29,'requested','2001-02-11 08:39:55','1987-07-24 22:22:57'),(30,30,'unfriended','1987-08-24 06:42:31','1970-04-30 02:58:47'),(31,31,'declined','1979-08-12 00:55:00','2010-08-22 00:03:40'),(32,32,'declined','1989-09-07 21:30:08','2017-04-12 19:01:13'),(33,33,'requested','1988-04-20 18:53:17','2011-06-04 13:33:54'),(34,34,'declined','1981-05-28 18:12:50','2004-05-29 18:04:53'),(35,35,'requested','1974-08-12 17:48:45','2020-05-07 21:40:22'),(36,36,'declined','1979-08-16 19:06:29','1992-05-20 17:11:07'),(37,37,'declined','1975-03-06 00:57:25','1983-09-27 20:52:46'),(38,38,'requested','2015-04-23 07:00:06','2015-02-22 12:28:59'),(39,39,'approved','1974-07-27 23:07:16','1973-02-13 23:46:48'),(40,40,'unfriended','1994-12-16 00:51:15','1986-06-03 20:19:57'),(41,41,'approved','2020-06-26 01:00:12','2020-01-29 20:39:29'),(42,42,'unfriended','2020-04-19 03:56:01','2018-04-05 14:03:55'),(43,43,'requested','2003-05-29 14:09:57','1978-06-07 06:20:49'),(44,44,'unfriended','1978-10-19 22:49:45','1971-09-15 14:07:30'),(45,45,'declined','2012-11-21 08:34:10','1995-10-21 03:18:02'),(46,46,'declined','1990-05-07 09:10:10','2004-03-24 19:17:02'),(47,47,'approved','1995-05-02 14:22:25','1979-12-22 19:04:11'),(48,48,'approved','2001-03-29 00:42:46','1992-05-01 20:48:41'),(49,49,'unfriended','1979-03-15 07:47:06','2014-05-02 22:08:03'),(50,50,'requested','2017-07-14 05:31:37','2004-01-23 11:56:13'),(51,51,'unfriended','1985-06-07 07:57:24','2002-05-14 18:31:17'),(52,52,'requested','2012-01-10 10:10:55','1985-05-12 21:49:02'),(53,53,'requested','1977-06-21 16:18:35','1991-04-08 12:19:50'),(54,54,'unfriended','1986-05-17 21:03:18','2003-11-04 07:35:14'),(55,55,'unfriended','1997-02-12 14:46:49','2004-03-16 01:26:21'),(56,56,'requested','1988-02-04 16:31:45','2001-09-25 14:45:47'),(57,57,'approved','2018-01-03 15:14:50','1975-08-22 05:52:10'),(58,58,'approved','2010-08-14 00:24:09','1971-07-05 03:38:42'),(59,59,'requested','2017-12-19 22:56:09','1994-07-02 17:11:31'),(60,60,'requested','1996-11-25 19:39:05','1985-02-27 20:36:33'),(61,61,'declined','1972-10-14 09:10:01','1984-11-05 03:57:06'),(62,62,'requested','1974-09-25 00:50:39','2018-10-02 21:00:11'),(63,63,'requested','2018-03-13 11:25:00','1970-08-22 02:44:02'),(64,64,'unfriended','1980-06-04 10:48:42','1986-11-13 13:52:45'),(65,65,'requested','2002-05-08 12:36:45','1974-04-07 23:32:15'),(66,66,'unfriended','1996-09-17 15:48:16','2017-08-23 21:51:47'),(67,67,'unfriended','1981-08-06 19:17:56','1973-01-22 17:30:57'),(68,68,'requested','2001-05-02 18:52:16','2007-04-27 19:00:22'),(69,69,'declined','1998-04-28 19:43:40','2008-11-05 06:20:09'),(70,70,'approved','1976-05-26 19:08:17','1980-10-29 23:43:48'),(71,71,'unfriended','1982-04-21 20:39:45','1982-06-11 18:03:31'),(72,72,'approved','1972-06-18 05:04:31','2000-11-28 00:03:53'),(73,73,'approved','2010-12-24 09:16:32','2003-04-10 17:53:08'),(74,74,'approved','2017-11-24 11:02:43','2019-05-17 15:08:22'),(75,75,'approved','2019-07-01 19:55:12','1985-03-24 18:20:56'),(76,76,'unfriended','2016-09-27 20:07:08','1991-08-14 11:30:55'),(77,77,'unfriended','2003-01-13 09:12:49','1991-08-07 00:11:10'),(78,78,'approved','1999-01-11 22:02:06','1976-07-14 15:19:37'),(79,79,'declined','1995-08-01 10:12:22','1998-03-12 23:31:05'),(80,80,'requested','1998-12-15 02:12:26','2018-06-26 15:51:55'),(81,81,'approved','1994-11-08 09:20:39','1991-04-20 08:31:51'),(82,82,'requested','2008-07-28 21:27:44','1988-08-22 08:49:24'),(83,83,'approved','1972-04-21 21:30:24','1976-10-16 17:15:32'),(84,84,'approved','2000-03-22 15:22:38','1993-08-27 18:28:35'),(85,85,'approved','1986-03-18 07:20:48','1986-02-01 00:12:48'),(86,86,'declined','1989-03-23 00:35:06','2010-01-05 16:15:11'),(87,87,'requested','2009-02-24 20:14:53','1991-04-21 14:01:05'),(88,88,'declined','2014-05-12 01:54:45','1994-05-08 07:02:14'),(89,89,'unfriended','2003-05-23 10:47:03','1994-09-13 08:10:06'),(90,90,'approved','1978-04-02 13:51:53','2007-10-27 04:46:06'),(91,91,'declined','2013-10-29 08:50:28','2012-05-03 13:26:49'),(92,92,'requested','2009-05-01 11:59:08','1992-11-13 06:31:14'),(93,93,'requested','1971-01-29 06:33:11','1971-08-08 20:00:13'),(94,94,'requested','1994-01-08 02:36:26','1994-03-15 00:19:09'),(95,95,'unfriended','2007-12-25 12:29:24','2003-06-20 12:25:07'),(96,96,'approved','1974-06-06 01:09:30','1984-03-17 02:39:24'),(97,97,'approved','1999-06-20 03:47:05','1981-07-19 15:05:06'),(98,98,'unfriended','1975-08-22 19:30:34','2005-10-31 11:05:11'),(99,99,'unfriended','1982-04-13 06:43:22','1991-07-02 12:32:14'),(100,100,'requested','1974-06-22 09:52:54','1995-11-22 14:52:42');
/*!40000 ALTER TABLE `friend_requests` ENABLE KEYS */;
UNLOCK TABLES;

--
-- Table structure for table `games`
--

DROP TABLE IF EXISTS `games`;
/*!40101 SET @saved_cs_client     = @@character_set_client */;
/*!40101 SET character_set_client = utf8 */;
CREATE TABLE `games` (
  `id` bigint(20) unsigned NOT NULL AUTO_INCREMENT,
  `name` varchar(255) COLLATE utf8mb4_unicode_ci DEFAULT NULL,
  `games_types_id` bigint(20) unsigned NOT NULL,
  `user_id` bigint(20) unsigned NOT NULL,
  `body` text COLLATE utf8mb4_unicode_ci DEFAULT NULL,
  `filename` varchar(255) COLLATE utf8mb4_unicode_ci DEFAULT NULL,
  `size` int(11) DEFAULT NULL,
  `metadata` longtext CHARACTER SET utf8mb4 COLLATE utf8mb4_bin DEFAULT NULL CHECK (json_valid(`metadata`)),
  `created_at` datetime DEFAULT current_timestamp(),
  `updated_at` datetime DEFAULT current_timestamp() ON UPDATE current_timestamp(),
  PRIMARY KEY (`id`),
  KEY `user_id` (`user_id`),
  KEY `games_types_id` (`games_types_id`),
  CONSTRAINT `games_ibfk_1` FOREIGN KEY (`user_id`) REFERENCES `users` (`id`) ON DELETE CASCADE ON UPDATE CASCADE,
  CONSTRAINT `games_ibfk_2` FOREIGN KEY (`games_types_id`) REFERENCES `games_types` (`id`) ON DELETE CASCADE ON UPDATE CASCADE
) ENGINE=InnoDB AUTO_INCREMENT=101 DEFAULT CHARSET=utf8mb4 COLLATE=utf8mb4_unicode_ci;
/*!40101 SET character_set_client = @saved_cs_client */;

--
-- Dumping data for table `games`
--

LOCK TABLES `games` WRITE;
/*!40000 ALTER TABLE `games` DISABLE KEYS */;
INSERT INTO `games` VALUES (1,'ad',1,1,'Vitae repudiandae repellat quae doloremque qui repellat. Eum voluptatem rem aliquam rem. Sit voluptatem voluptatem rerum nam est earum. Qui molestiae earum occaecati et suscipit et. Asperiores iusto aliquam dolorum a officia sit facilis.','nulla',428500,NULL,'2018-09-18 16:59:55','1978-05-08 14:34:42'),(2,'atque',2,2,'Maiores velit sit voluptas sit dolorem assumenda numquam. Ullam consectetur tenetur illum. Fugiat ut eveniet voluptate.','alias',2904266,NULL,'1988-01-16 01:45:48','2010-12-19 03:31:40'),(3,'sequi',3,3,'Aliquid dolor asperiores at saepe expedita. Et velit sequi minus ut deserunt earum vitae. Consequatur ipsum quis laudantium sed.','beatae',144311,NULL,'2020-01-31 13:13:22','2013-05-27 12:49:07'),(4,'exercitationem',4,4,'Et ea fuga quia est. Impedit nobis id maiores aut ipsa neque culpa quia. Atque eaque vitae in voluptatem. Culpa repellat eum voluptas modi consequatur maiores.','labore',6,NULL,'1983-04-14 09:52:08','1993-09-17 11:03:49'),(5,'dolorum',5,5,'Commodi rerum ut ad vel architecto recusandae deserunt repellat. Tenetur molestiae ea ea voluptas officiis molestiae cupiditate. Aut laborum rerum sed ab.','magnam',0,NULL,'1986-03-05 18:24:58','1995-05-04 03:56:29'),(6,'et',6,6,'Quos commodi iure autem veritatis voluptate ex. Exercitationem facere et numquam nisi. Quaerat in dignissimos non enim.','aut',508,NULL,'2010-11-09 00:54:50','1984-10-02 05:14:28'),(7,'eum',7,7,'In velit dicta rerum repudiandae. Odit ut sit corrupti ullam eum libero laudantium et. Nemo quia iure est nam. Ut non corporis autem corporis at.','voluptates',4019981,NULL,'1982-05-05 05:03:32','1993-03-16 23:58:54'),(8,'error',8,8,'Cupiditate non debitis quibusdam dolores et iste. Qui id provident ipsum dolorum sequi temporibus sed vel. Aliquam rem quam omnis libero. Temporibus voluptatem dolorum placeat omnis accusamus expedita consequuntur.','cumque',2983,NULL,'1983-06-20 21:46:26','1988-02-13 18:01:11'),(9,'omnis',9,9,'Autem ipsum sunt dolore distinctio. Error reprehenderit aut soluta at.','placeat',89420720,NULL,'2004-05-19 15:57:34','1989-03-08 21:14:17'),(10,'expedita',10,10,'Quia est labore recusandae numquam neque id et ea. Asperiores quo amet ut expedita illum pariatur amet. Nam consectetur provident odit dolor assumenda.','ut',0,NULL,'1995-04-13 00:28:57','2009-06-09 08:40:34'),(11,'molestias',11,11,'Aspernatur aut nam recusandae non vitae est. Maxime minima sit omnis earum ut est iure. Quo cupiditate tenetur sequi totam eum eius ea.','omnis',56011,NULL,'1982-11-17 01:20:30','2013-07-31 21:10:21'),(12,'dolorem',12,12,'Ea quisquam esse iure quis optio qui qui provident. Iste et dolorem aut sint quis incidunt molestiae. Rerum quos dolor rerum et molestias. Nihil reprehenderit hic delectus cupiditate minus a.','assumenda',68624,NULL,'1997-02-08 23:23:40','1988-09-05 12:38:02'),(13,'omnis',13,13,'Qui impedit impedit sint adipisci optio tempore. Non est aut accusamus accusantium atque et accusantium.','dolore',517174,NULL,'1984-06-12 03:41:42','1997-04-04 05:20:23'),(14,'beatae',14,14,'Repellat velit dolor nam nemo numquam omnis temporibus. Culpa non quaerat nostrum. Consequuntur atque rem quaerat qui qui.','ipsa',50,NULL,'2020-12-31 12:47:01','1980-08-24 05:49:26'),(15,'quisquam',15,15,'Placeat cupiditate voluptas nobis enim. Dolor non voluptatem assumenda. Eius ut distinctio sit voluptates ipsum.','deleniti',7178385,NULL,'2014-10-22 02:45:11','1997-07-26 12:35:18'),(16,'et',16,16,'Ut est velit aut fuga. Qui et ut distinctio aliquid ut nostrum. Omnis dolores tempora eius fugiat. Magnam quos vitae quam sit veniam ex laudantium.','dignissimos',17,NULL,'2013-11-09 02:45:31','1989-08-22 18:12:26'),(17,'maiores',17,17,'Maxime sit totam ratione. Voluptatem nisi nesciunt sapiente dolores rem aut ea. Qui error tempore accusantium consequatur amet consectetur.','esse',562,NULL,'1971-07-14 11:42:07','2014-09-27 08:28:11'),(18,'culpa',18,18,'Id corrupti beatae id voluptatibus. Aut praesentium illum molestiae officiis dolor occaecati sed.','velit',138,NULL,'1974-02-25 00:51:45','2008-04-30 02:24:58'),(19,'earum',19,19,'Ex harum explicabo quaerat delectus recusandae pariatur veniam. Suscipit id sit et.','at',646627300,NULL,'2010-09-23 13:11:42','1990-06-18 21:45:21'),(20,'ut',20,20,'Dignissimos iure enim repudiandae animi quia voluptas magnam. Tenetur perspiciatis enim dignissimos assumenda rerum odit qui exercitationem. Ut qui ut quos pariatur ipsum.','suscipit',43078236,NULL,'1978-10-27 09:14:36','1994-01-26 16:01:59'),(21,'molestiae',21,21,'Architecto molestiae commodi qui rerum. Numquam dolorum ea iste. Error iusto et aut voluptas animi. Sit quibusdam aut accusantium expedita laboriosam est ab. Quasi error officia similique non.','unde',6473973,NULL,'1970-01-18 16:51:20','1993-06-08 07:09:07'),(22,'omnis',22,22,'Corrupti eum nisi id sequi qui mollitia. Aut neque reprehenderit ea tempore amet.','ullam',5927,NULL,'1976-01-11 11:20:09','2003-01-20 23:53:53'),(23,'provident',23,23,'Maiores vero ut voluptatem. Ducimus suscipit aut repellat eum excepturi. Vel autem in qui est quia harum. Perspiciatis ut asperiores officia et ipsum distinctio.','earum',8105,NULL,'1994-06-27 10:12:41','2020-01-05 02:59:47'),(24,'voluptates',24,24,'Aut in qui dolor ea. Saepe quia odio error consequatur earum nulla ex. Veritatis est minima et molestiae dignissimos itaque.','repudiandae',590,NULL,'2020-07-15 01:52:55','1977-08-31 22:57:56'),(25,'et',25,25,'Voluptas culpa voluptas qui omnis rerum. Et voluptas at esse magnam. Accusamus beatae atque aspernatur qui omnis occaecati sequi. Non quia dolor aut dolores temporibus.','est',6511,NULL,'1995-01-12 19:36:37','1973-10-22 16:04:58'),(26,'veniam',26,26,'Sed et similique ullam non maiores excepturi et non. Dolorem rerum ut non magni impedit. Omnis sed voluptates et aliquam. Suscipit atque harum ex.','molestias',7826,NULL,'1982-10-19 00:22:14','1974-09-09 13:10:48'),(27,'minus',27,27,'Omnis molestiae nostrum eveniet a repellat illo porro. Cum suscipit exercitationem tempore et. Numquam repudiandae quia dolorem voluptatem. Rem voluptas sit aut dolorum consequuntur molestiae ut.','rerum',0,NULL,'1985-04-26 07:05:36','1980-05-14 09:21:37'),(28,'eligendi',28,28,'Consequuntur esse porro veniam minima voluptas et odio. Beatae consequatur adipisci placeat quae officia debitis qui.','minima',61267891,NULL,'2002-09-28 18:49:06','2020-09-03 23:51:27'),(29,'omnis',29,29,'Molestiae vel omnis nihil placeat ut et. Quisquam accusamus sed magnam ducimus eum. Dignissimos consequatur officia soluta blanditiis itaque qui id. Veniam doloribus quos provident aliquid voluptas blanditiis pariatur.','nemo',6763,NULL,'2015-01-18 20:46:12','1971-04-21 09:46:00'),(30,'nihil',30,30,'Voluptatem nesciunt minima qui. Saepe aut facilis expedita rerum modi quia. Ipsum at nesciunt sint et architecto et distinctio.','impedit',5746220,NULL,'1999-09-28 13:52:37','2018-02-06 11:42:46'),(31,'eveniet',31,31,'Non architecto eaque totam qui. Eos voluptatem distinctio illo sit. Minima voluptate recusandae nobis voluptatum cum tenetur dolorem. Rerum sed distinctio labore cum expedita ut quo.','sed',719484,NULL,'1994-05-23 14:43:24','1977-03-07 00:21:01'),(32,'itaque',32,32,'Nemo illo sunt sit id iste ducimus. Dolorum rem nisi consequuntur officiis qui quia qui. Quisquam sit in non eligendi quo omnis deserunt doloribus. Voluptas laboriosam saepe exercitationem voluptatibus quae.','illo',61769658,NULL,'1993-12-12 14:20:13','1984-12-06 03:41:41'),(33,'sit',33,33,'Nostrum ipsum eveniet consequatur tenetur recusandae. Voluptatem adipisci ut nesciunt qui eveniet odit quia.','quia',2439,NULL,'1975-04-05 08:18:27','1972-02-26 10:19:31'),(34,'ad',34,34,'Vel nihil quod dolore eos ducimus aut. Cum blanditiis repellendus sunt nisi est enim et. Adipisci veniam provident modi quidem aut aut. Aut non aspernatur iste aliquam. Est rerum dolorem non est animi.','rerum',812536135,NULL,'2005-09-28 18:29:38','1987-05-26 16:25:58'),(35,'doloribus',35,35,'Maxime cumque est nostrum voluptas ea sint. Voluptatem officia dicta et incidunt ut. Voluptas illo facere nemo quaerat omnis. Rerum voluptates nihil quam officia.','sit',83,NULL,'1992-11-12 17:50:08','1989-12-31 15:31:41'),(36,'quo',36,36,'Rerum iste labore nostrum totam dolores id. Rerum mollitia qui aut illo at quaerat sit. Culpa atque doloremque expedita et. Qui ratione aperiam illum laboriosam qui in dolorum. Dolorem nam et iure aspernatur doloribus facilis id.','aut',5285300,NULL,'2012-10-14 19:36:50','1972-05-17 17:06:25'),(37,'ea',37,37,'Eos quia voluptatem aut nesciunt dignissimos. Recusandae doloremque quo temporibus molestiae dolore. Tenetur est qui sed nam et. Ut sapiente qui a voluptate dignissimos rem. Quis placeat autem doloribus odit sit quidem architecto.','aliquam',4168431,NULL,'2002-12-10 22:47:38','2004-05-06 02:58:52'),(38,'earum',38,38,'Voluptatem quo delectus sit accusantium et qui et. Perspiciatis quas necessitatibus incidunt rerum. Atque voluptatem omnis aliquam aut cupiditate dolores.','porro',8694708,NULL,'1970-01-11 09:28:26','1984-11-09 10:00:15'),(39,'perferendis',39,39,'Magnam voluptatem libero debitis quaerat soluta. Dignissimos ipsam sit provident quisquam quos. Nihil est ea dolore illum.','ipsa',964086704,NULL,'1977-10-27 18:09:04','2011-07-30 15:46:23'),(40,'nisi',40,40,'Iusto aliquid reiciendis rerum corporis ea qui eveniet quis. Ipsam voluptas sed neque odit vero temporibus neque. Voluptate eum ullam enim id et perspiciatis laboriosam. Sit natus iusto aliquid blanditiis qui.','voluptatibus',64080645,NULL,'1992-01-07 13:25:19','2021-02-03 14:43:28'),(41,'et',41,41,'Odio perspiciatis dolor dolorem unde. Recusandae fuga dolorem doloribus occaecati. Iure suscipit consequuntur animi dicta. In aut dolorem dolores iure id.','vero',258133931,NULL,'1997-04-12 08:04:38','2016-08-19 06:26:07'),(42,'eveniet',42,42,'Amet ratione facere laborum pariatur nobis. Velit voluptatem ratione odio enim voluptatem exercitationem. Quo velit quisquam aut voluptates.','id',410451,NULL,'2004-03-28 11:25:42','1993-12-24 14:25:43'),(43,'ex',43,43,'Sit blanditiis quo qui accusantium sit. Nostrum est nulla voluptatibus nostrum. Laboriosam error tempore est aliquid.','debitis',893915446,NULL,'1994-01-06 13:44:52','1999-10-31 08:49:04'),(44,'consequatur',44,44,'Deleniti voluptatibus saepe sit mollitia. Vel cumque quaerat amet neque. Aspernatur mollitia error sed debitis perferendis. Voluptate modi dolor consectetur odit cumque minima et voluptates.','sed',78149063,NULL,'2004-03-13 18:24:34','1988-02-11 17:51:28'),(45,'corrupti',45,45,'Suscipit nostrum numquam expedita officiis quis sit sunt. Fuga pariatur reiciendis sequi temporibus non et. Minus magni autem et sunt.','ut',351146711,NULL,'1977-07-11 21:38:15','1986-02-15 04:08:12'),(46,'at',46,46,'Repudiandae possimus illum sunt doloribus natus dolor exercitationem. Rerum est optio facere iure vel nam odit ex. Eveniet dignissimos cumque consectetur sit accusantium quidem. Dolorem omnis dicta nam et et recusandae.','iure',286,NULL,'2007-05-21 04:17:40','1986-08-18 01:18:40'),(47,'iusto',47,47,'Optio et doloribus ducimus doloribus. Expedita tempora cum rem odit. Excepturi architecto voluptate aut doloremque. Quidem magni et sed et est reiciendis ea quas.','dolore',0,NULL,'1996-05-06 00:31:18','2009-05-04 18:38:09'),(48,'asperiores',48,48,'Aperiam saepe perferendis harum delectus excepturi blanditiis omnis. Aut inventore consectetur id quidem. Error nam sed ut doloribus aut sed repellendus.','velit',11,NULL,'1970-02-17 23:57:57','1989-09-22 00:11:14'),(49,'aliquam',49,49,'Et ratione necessitatibus commodi porro nesciunt beatae. Minima sit explicabo vel vero. Asperiores ea suscipit rerum fuga doloribus id. Et mollitia a ut magnam et omnis ea.','ea',801,NULL,'1996-03-08 22:25:32','1978-05-30 10:56:56'),(50,'mollitia',50,50,'Cumque ea quo et. Consequatur eligendi voluptates vero dolorem voluptatibus dolorem vero nemo. Officia qui quia sit quia. Beatae debitis rerum ut ipsa expedita.','velit',5,NULL,'2012-08-31 21:15:00','1973-04-26 20:27:24'),(51,'fuga',51,51,'Aut quae tenetur rerum iusto mollitia. Praesentium qui dolorum vel dolorem nostrum. Beatae ut quos perspiciatis. Nam expedita officia modi quia quia quasi veritatis et.','explicabo',6750,NULL,'1997-07-03 09:16:54','2015-08-21 21:45:31'),(52,'id',52,52,'Enim laborum aut minima. Vel quia voluptatum ut nihil maxime et id. Placeat distinctio eos molestiae aut enim. Veritatis laborum quisquam qui sequi architecto quod quia. Rerum nihil et id.','id',5641,NULL,'1988-02-15 23:49:19','1995-10-01 20:10:44'),(53,'velit',53,53,'Aliquid adipisci rem provident culpa optio vel a atque. Ipsam recusandae dolor reprehenderit dolores. Eum fugiat qui illo quia. Earum aliquid et recusandae voluptas.','ex',128849,NULL,'1987-12-22 17:37:24','1993-08-16 00:53:32'),(54,'qui',54,54,'Provident velit dolor inventore tempore. Suscipit et ducimus praesentium dolorem voluptatem aut omnis vitae. Dolorum laboriosam laudantium qui sed ut molestiae consequuntur. Quisquam aut et architecto rerum quos molestiae illum.','voluptatem',6780645,NULL,'1977-03-23 03:07:51','2020-12-29 06:45:10'),(55,'ut',55,55,'Voluptas magnam minima eligendi blanditiis in quasi. Nisi qui quia id temporibus commodi. Doloremque architecto atque quisquam omnis ipsa explicabo officia. Est praesentium exercitationem neque odit neque iure sit.','quasi',86,NULL,'2009-12-30 10:41:11','2020-09-02 17:20:34'),(56,'dolorem',56,56,'Dicta sunt temporibus doloremque consequuntur voluptas. Ex qui sed omnis non quaerat numquam totam porro. Qui similique facilis possimus. Nobis est nesciunt non est aut dolorem.','vel',403176231,NULL,'2009-02-22 09:36:27','1991-10-25 03:59:18'),(57,'accusantium',57,57,'Soluta cupiditate quidem quaerat minima vero est. Accusamus vel culpa sit. Corrupti ex iusto non quos iure. Nam quas dolor et praesentium consectetur incidunt.','sunt',0,NULL,'2018-02-23 03:58:46','2009-02-25 03:55:20'),(58,'mollitia',58,58,'Pariatur qui dolorum a. Veritatis rem fuga accusamus. Possimus sit blanditiis architecto aut.','sunt',0,NULL,'1989-11-10 21:45:29','1999-04-17 02:52:43'),(59,'officiis',59,59,'Perspiciatis quod officia animi delectus. Recusandae omnis et facilis explicabo deserunt nisi necessitatibus. Iusto occaecati tenetur omnis error vel adipisci. Dolorem minima itaque dignissimos blanditiis numquam minus omnis.','ut',867174,NULL,'1994-01-28 07:47:16','1975-02-18 13:07:15'),(60,'dignissimos',60,60,'Autem voluptas corrupti eos ea. Quia iure dolor aliquid ratione qui impedit. Placeat nihil aut illum officia.','quos',324915,NULL,'1988-07-31 18:58:24','2015-05-01 02:29:49'),(61,'dolor',61,61,'Impedit rerum esse aut accusantium corrupti ipsum sapiente. Aliquam porro aperiam tempore neque rerum dolor est. Adipisci aut iusto distinctio. Facere consequatur sit eum ut quo dolorum.','ut',9024,NULL,'2004-01-29 06:10:09','2021-02-23 18:59:57'),(62,'voluptatem',62,62,'Sed excepturi aliquid dicta incidunt debitis similique. Nobis ut iusto non iste quam. Sapiente vel assumenda voluptatem architecto illum voluptatem. Tenetur et repellat nihil eum qui rerum. Reprehenderit exercitationem quibusdam consectetur omnis sit ut.','ea',0,NULL,'2004-05-06 04:52:38','2014-03-01 03:57:13'),(63,'et',63,63,'Cumque ut enim omnis incidunt. Ducimus voluptatem explicabo totam delectus sunt laudantium minus. Aliquam facere consequatur repellat recusandae quo aut.','quo',0,NULL,'1990-10-13 19:37:49','1971-09-30 17:21:13'),(64,'illum',64,64,'Voluptas alias quibusdam fugit. Maiores harum nobis ea id. Molestias quos dignissimos alias ratione asperiores magni impedit. Tempora excepturi quia illum cumque nisi.','explicabo',28013822,NULL,'1997-07-27 19:21:20','2014-11-01 22:47:05'),(65,'corrupti',65,65,'Et nihil est omnis soluta dignissimos minus numquam. Saepe voluptatem similique nesciunt ratione ut molestiae. Mollitia dolorem cum ea totam eaque laboriosam ad. Nihil ea labore quis ad.','aut',9754775,NULL,'1982-03-08 03:29:16','1995-07-30 02:06:59'),(66,'qui',66,66,'Consequuntur vitae sapiente et est voluptates quia recusandae. Quis veritatis neque ipsa blanditiis neque molestiae debitis. Quis corporis nemo ipsam minus quam. Qui assumenda consequatur quam voluptatem.','quia',320485945,NULL,'1972-08-21 03:36:16','2004-07-27 03:07:22'),(67,'nostrum',67,67,'Officiis voluptatem odio esse odio. Voluptates dolor accusantium et ipsa eum odio quod incidunt. Non illum ea itaque nesciunt. Libero eum ipsam eveniet. Accusamus officia eos pariatur veniam qui molestias.','ab',575229,NULL,'1977-06-16 03:51:48','2000-10-24 07:16:56'),(68,'ut',68,68,'Quos necessitatibus quaerat laudantium consequatur ut sapiente excepturi. Velit est laborum excepturi vel labore quae. Odio molestias autem dolor in dolorem sunt itaque. Reprehenderit sapiente optio quia qui modi commodi.','omnis',884,NULL,'2012-05-09 05:12:41','1976-01-05 19:25:57'),(69,'rerum',69,69,'Unde maxime soluta quo quas perferendis. Neque repellat rerum est quia. Recusandae molestias autem at eaque. Qui sequi saepe nesciunt nostrum facere incidunt vel molestias.','nihil',18,NULL,'1988-02-18 03:31:47','1993-11-24 11:13:48'),(70,'sed',70,70,'Quis maxime quod beatae aut. Sed ea debitis dolorem et et ab.','vel',73756264,NULL,'1984-04-10 02:44:34','2015-07-28 11:33:17'),(71,'odit',71,71,'Ut beatae et vel et voluptatem est. Dolorem quia perspiciatis exercitationem quidem sed. Ut repellendus quia reprehenderit. Dolorem accusantium et iste.','qui',2437528,NULL,'1981-12-10 22:14:07','1992-01-27 21:24:29'),(72,'exercitationem',72,72,'Earum qui esse quaerat voluptatem consequatur ea neque. Labore earum sed voluptatem cum qui doloribus. Dolores accusamus quia nesciunt aliquid ea non eligendi. Molestiae delectus ad et voluptatem sed.','corrupti',5765,NULL,'2018-11-04 11:01:40','2015-05-27 21:45:28'),(73,'reprehenderit',73,73,'Ipsa ullam consectetur beatae eius. Aut consequuntur expedita commodi at iste.','vel',52815469,NULL,'1995-08-30 12:14:03','1997-06-22 22:09:51'),(74,'qui',74,74,'Porro doloremque voluptatibus facilis aliquam expedita. Ex neque occaecati error ab. Rerum eos dolore ut. Magnam libero et iusto.','tempora',70388,NULL,'1988-10-21 04:56:19','2011-04-27 04:11:49'),(75,'ad',75,75,'Repellat rem accusantium omnis quo consequatur quos. Sunt excepturi et aspernatur reiciendis modi quia. Eum quibusdam voluptates aliquid quas ad. In doloribus pariatur ut.','in',156756702,NULL,'1972-05-11 20:50:26','1999-08-05 02:13:28'),(76,'ut',76,76,'Similique mollitia consequatur et doloribus. Doloremque earum maiores amet qui quidem. Eos numquam illo ab nulla in nulla.','aliquam',821,NULL,'2004-11-02 03:36:29','2007-07-03 00:43:42'),(77,'suscipit',77,77,'Voluptas nisi officia provident rem. Commodi veritatis et nulla maiores et neque et. Ut praesentium hic quos ut eos dolorem.','ea',832787248,NULL,'1984-07-15 17:34:57','2011-01-22 02:17:16'),(78,'quo',78,78,'Voluptatem quibusdam delectus perspiciatis suscipit. Inventore quod ut dolorem nulla ea veniam. Assumenda esse qui fugiat qui officia. Accusamus nihil vel et quisquam voluptatem architecto voluptas.','suscipit',20,NULL,'1970-12-08 14:37:12','1981-12-09 00:51:00'),(79,'nobis',79,79,'Ut in corrupti expedita id quae. Quo fugit ut rerum. Vel aut placeat quo sed nemo sit rem.','mollitia',89536,NULL,'2015-01-29 10:00:38','1975-07-15 05:57:52'),(80,'voluptas',80,80,'Id dignissimos aut nihil. Velit dolores magnam est. Officiis nesciunt delectus cupiditate adipisci itaque quod. Iste libero voluptatum enim voluptas placeat facere accusamus reprehenderit. Sequi aliquam rerum suscipit consequuntur.','cum',155,NULL,'2000-06-03 16:52:40','1984-06-26 02:19:05'),(81,'aut',81,81,'Dolorum et qui aut repellat molestiae aliquid amet laboriosam. Nam perspiciatis repudiandae ducimus ut ea sed veritatis.','laborum',5134,NULL,'1971-09-26 08:24:44','2004-07-24 04:12:24'),(82,'et',82,82,'Blanditiis quis provident veritatis. Quisquam doloremque nobis exercitationem omnis et necessitatibus sed necessitatibus. Sint in tempora animi et. Quia id fugiat sit.','illo',0,NULL,'1999-10-01 18:21:03','1974-07-12 19:21:43'),(83,'sit',83,83,'Qui sequi provident ex similique mollitia voluptatem soluta laborum. Ex omnis est excepturi placeat voluptatibus tempora iste dolor. Itaque eveniet nostrum a est quam quam.','minus',505,NULL,'1982-09-03 13:26:14','1976-03-19 09:25:41'),(84,'laudantium',84,84,'Sint omnis eos molestias labore. Nulla ab vel ipsum deleniti. Odit voluptatibus hic a aliquam omnis explicabo quibusdam. Quasi qui et ducimus esse vel cumque aliquid.','voluptatibus',0,NULL,'1981-10-07 07:04:24','2005-03-11 19:38:29'),(85,'qui',85,85,'Porro quasi atque mollitia et. Voluptatibus praesentium iure pariatur omnis pariatur exercitationem quia pariatur. Qui qui praesentium maiores quis molestiae aut. Molestiae quis consequatur sint enim officia iusto at.','iusto',9377835,NULL,'2007-06-08 13:14:55','2009-04-23 04:24:19'),(86,'ut',86,86,'Perferendis et veritatis adipisci. Cupiditate vel sunt et nam consequatur non qui. Quis reprehenderit blanditiis accusantium consequatur nisi iure.','eaque',96,NULL,'2009-05-02 11:04:20','1996-10-20 19:01:16'),(87,'asperiores',87,87,'Eligendi culpa temporibus omnis aut dolores. Aut consequatur necessitatibus autem eum ratione. Quos vel harum quam deleniti nam nihil. Quibusdam ipsum quos itaque fugiat eveniet itaque.','debitis',6691,NULL,'1974-03-23 10:53:52','1989-05-16 11:15:42'),(88,'quaerat',88,88,'Explicabo labore accusamus nobis laborum eos sapiente aliquid unde. Aspernatur id sed quo eius dicta quo aliquam. Voluptas ab recusandae laborum ullam ratione autem. Sint placeat consequatur blanditiis et quibusdam eligendi omnis.','voluptas',0,NULL,'1981-04-04 21:40:59','1970-05-03 09:35:56'),(89,'dolorem',89,89,'Quia tenetur sapiente modi dignissimos velit ducimus soluta. Sint dolores vel ut quia.','et',903945,NULL,'1984-09-23 09:06:10','2010-04-07 01:54:38'),(90,'veniam',90,90,'Cum quis rerum voluptas placeat. Doloribus aut debitis ex eaque earum est voluptatem. Facere labore ducimus laboriosam ipsam sunt. Sunt et odit facilis qui architecto recusandae.','adipisci',470,NULL,'2006-01-28 16:39:53','1973-12-21 15:28:46'),(91,'velit',91,91,'Ipsum modi ipsam ab. Voluptas dolorem eaque nesciunt perferendis. Provident laudantium atque quis ducimus. Iste et porro vitae et porro quod.','qui',14,NULL,'1985-04-12 16:15:18','2001-09-15 04:49:49'),(92,'illum',92,92,'Voluptas mollitia incidunt consectetur ut aperiam et non ea. Culpa sed qui vel ratione dolor id minima debitis. Corporis quisquam ut quibusdam deleniti. Quia ipsa et consequatur eos natus porro.','voluptatem',0,NULL,'1985-09-01 02:57:12','2007-12-22 14:29:07'),(93,'minima',93,93,'Neque incidunt quo recusandae dolore. Illo eos facilis cumque quia iusto vel non. Ea ab adipisci ipsa enim ipsam aliquam. Aut quaerat voluptatem similique deleniti expedita officiis omnis blanditiis. Laudantium atque occaecati maxime et officiis.','quia',159794799,NULL,'1981-03-02 00:03:19','1977-06-29 20:11:05'),(94,'doloribus',94,94,'Mollitia aspernatur earum illo iusto. Libero optio commodi enim molestias tenetur consequatur ducimus. Nesciunt qui repellendus quia nostrum excepturi. Ut ut occaecati vel sit ad.','eum',273778042,NULL,'2004-03-14 01:31:33','1987-07-24 19:18:34'),(95,'aut',95,95,'Totam dolorum quidem voluptate ut. Autem quia soluta earum iure ex. Commodi et est provident.','ex',31967,NULL,'2007-01-16 12:56:29','2010-05-30 05:41:51'),(96,'nemo',96,96,'Totam nulla libero dolorum nam libero molestiae quae. Repellat repudiandae aut corrupti sed est laboriosam eveniet. Aliquid dicta minima eligendi a.','ullam',606601947,NULL,'1982-08-03 00:56:08','1994-08-08 19:42:31'),(97,'quasi',97,97,'Dolore odit aliquid qui sit voluptatem qui. Sed in atque nesciunt sunt quia expedita molestiae repudiandae. Magnam voluptatem aperiam sint magni.','impedit',36,NULL,'1982-09-21 07:21:31','1989-03-25 17:45:05'),(98,'harum',98,98,'Nihil in voluptatem quia quas sed. Autem aut aut debitis tempore. Sapiente corrupti facilis rerum blanditiis eaque ipsa nihil. Velit dolore at alias.','et',650,NULL,'2019-05-31 15:06:39','1977-06-22 03:38:15'),(99,'omnis',99,99,'Itaque labore eveniet odit et libero aliquid sit consequatur. Nihil in dolorem et. Perferendis ad est deleniti et ad accusantium quas. Et quia qui ratione rerum.','aut',894,NULL,'1989-04-02 15:25:44','2007-07-24 17:42:00'),(100,'quidem',100,100,'Quis est quo eligendi eaque voluptas dignissimos aut. Quos tenetur sit atque in. Corporis veritatis molestiae vel et. Consequatur dolorem sint vero totam voluptas possimus.','modi',80,NULL,'1980-07-22 08:35:19','1999-12-02 04:14:46');
/*!40000 ALTER TABLE `games` ENABLE KEYS */;
UNLOCK TABLES;

--
-- Table structure for table `games_types`
--

DROP TABLE IF EXISTS `games_types`;
/*!40101 SET @saved_cs_client     = @@character_set_client */;
/*!40101 SET character_set_client = utf8 */;
CREATE TABLE `games_types` (
  `id` bigint(20) unsigned NOT NULL AUTO_INCREMENT,
  `name` varchar(255) COLLATE utf8mb4_unicode_ci DEFAULT NULL,
  PRIMARY KEY (`id`)
) ENGINE=InnoDB AUTO_INCREMENT=101 DEFAULT CHARSET=utf8mb4 COLLATE=utf8mb4_unicode_ci;
/*!40101 SET character_set_client = @saved_cs_client */;

--
-- Dumping data for table `games_types`
--

LOCK TABLES `games_types` WRITE;
/*!40000 ALTER TABLE `games_types` DISABLE KEYS */;
INSERT INTO `games_types` VALUES (1,'a'),(2,'aut'),(3,'omnis'),(4,'et'),(5,'laborum'),(6,'qui'),(7,'blanditiis'),(8,'laboriosam'),(9,'sit'),(10,'quae'),(11,'soluta'),(12,'odit'),(13,'fugiat'),(14,'et'),(15,'molestias'),(16,'minus'),(17,'voluptatem'),(18,'quis'),(19,'occaecati'),(20,'et'),(21,'non'),(22,'adipisci'),(23,'hic'),(24,'earum'),(25,'vitae'),(26,'perferendis'),(27,'quam'),(28,'rerum'),(29,'labore'),(30,'perspiciatis'),(31,'dolor'),(32,'asperiores'),(33,'ullam'),(34,'laboriosam'),(35,'minus'),(36,'sapiente'),(37,'perspiciatis'),(38,'eius'),(39,'quia'),(40,'qui'),(41,'laudantium'),(42,'quo'),(43,'et'),(44,'quibusdam'),(45,'esse'),(46,'veritatis'),(47,'nesciunt'),(48,'et'),(49,'enim'),(50,'dolor'),(51,'deserunt'),(52,'eum'),(53,'sint'),(54,'id'),(55,'voluptas'),(56,'suscipit'),(57,'voluptatem'),(58,'officiis'),(59,'omnis'),(60,'numquam'),(61,'porro'),(62,'perferendis'),(63,'dolores'),(64,'et'),(65,'consectetur'),(66,'dicta'),(67,'tempora'),(68,'assumenda'),(69,'occaecati'),(70,'quia'),(71,'illo'),(72,'perspiciatis'),(73,'voluptatem'),(74,'consequuntur'),(75,'dolores'),(76,'repellendus'),(77,'eum'),(78,'quia'),(79,'qui'),(80,'similique'),(81,'libero'),(82,'dolor'),(83,'omnis'),(84,'nesciunt'),(85,'qui'),(86,'sit'),(87,'quod'),(88,'id'),(89,'et'),(90,'non'),(91,'natus'),(92,'optio'),(93,'quas'),(94,'nesciunt'),(95,'ratione'),(96,'culpa'),(97,'qui'),(98,'optio'),(99,'exercitationem'),(100,'ducimus');
/*!40000 ALTER TABLE `games_types` ENABLE KEYS */;
UNLOCK TABLES;

--
-- Table structure for table `likes`
--

DROP TABLE IF EXISTS `likes`;
/*!40101 SET @saved_cs_client     = @@character_set_client */;
/*!40101 SET character_set_client = utf8 */;
CREATE TABLE `likes` (
  `id` bigint(20) unsigned NOT NULL AUTO_INCREMENT,
  `user_id` bigint(20) unsigned NOT NULL,
  `media_id` bigint(20) unsigned NOT NULL,
  `created_at` datetime DEFAULT current_timestamp(),
  PRIMARY KEY (`id`),
  KEY `user_id` (`user_id`),
  KEY `media_id` (`media_id`),
  CONSTRAINT `likes_ibfk_1` FOREIGN KEY (`user_id`) REFERENCES `users` (`id`) ON DELETE CASCADE ON UPDATE CASCADE,
  CONSTRAINT `likes_ibfk_2` FOREIGN KEY (`media_id`) REFERENCES `media` (`id`) ON DELETE CASCADE ON UPDATE CASCADE
) ENGINE=InnoDB AUTO_INCREMENT=101 DEFAULT CHARSET=utf8mb4 COLLATE=utf8mb4_unicode_ci;
/*!40101 SET character_set_client = @saved_cs_client */;

--
-- Dumping data for table `likes`
--

LOCK TABLES `likes` WRITE;
/*!40000 ALTER TABLE `likes` DISABLE KEYS */;
INSERT INTO `likes` VALUES (1,1,1,'1974-03-04 01:53:02'),(2,2,2,'1985-12-16 01:26:00'),(3,3,3,'2000-03-19 02:32:41'),(4,4,4,'1999-04-19 15:40:09'),(5,5,5,'2019-11-19 00:21:03'),(6,6,6,'1983-04-26 04:56:25'),(7,7,7,'1980-03-19 06:22:56'),(8,8,8,'1979-12-07 00:27:09'),(9,9,9,'1978-01-03 05:29:13'),(10,10,10,'2003-01-16 01:19:34'),(11,11,11,'2009-07-03 20:26:11'),(12,12,12,'1992-07-16 20:26:20'),(13,13,13,'1996-07-27 09:00:08'),(14,14,14,'1976-07-18 14:02:49'),(15,15,15,'2013-08-07 09:34:41'),(16,16,16,'2015-11-13 20:41:53'),(17,17,17,'1980-05-24 14:15:40'),(18,18,18,'2012-09-20 13:55:52'),(19,19,19,'2002-02-07 08:59:30'),(20,20,20,'2015-10-17 05:08:56'),(21,21,21,'1986-09-28 08:50:52'),(22,22,22,'1982-01-23 07:04:01'),(23,23,23,'1976-10-04 17:29:34'),(24,24,24,'2002-12-21 21:41:00'),(25,25,25,'1981-05-06 03:00:32'),(26,26,26,'1973-10-18 16:33:22'),(27,27,27,'1979-12-09 02:29:15'),(28,28,28,'1999-05-01 22:56:30'),(29,29,29,'1992-11-16 02:30:15'),(30,30,30,'2011-02-21 18:56:37'),(31,31,31,'1981-01-03 04:13:01'),(32,32,32,'1988-11-27 08:11:18'),(33,33,33,'2018-01-28 01:34:36'),(34,34,34,'2003-11-17 00:00:42'),(35,35,35,'1990-07-18 04:52:17'),(36,36,36,'2018-06-02 14:32:27'),(37,37,37,'2018-06-22 05:24:22'),(38,38,38,'1981-03-09 12:04:39'),(39,39,39,'1971-10-07 10:29:49'),(40,40,40,'1979-06-28 00:14:38'),(41,41,41,'1977-01-14 09:35:22'),(42,42,42,'1988-04-07 20:53:08'),(43,43,43,'1979-01-15 08:22:46'),(44,44,44,'2002-08-12 23:48:29'),(45,45,45,'1981-12-19 07:45:47'),(46,46,46,'2016-04-18 04:37:09'),(47,47,47,'1977-11-18 19:21:33'),(48,48,48,'2020-01-05 09:39:11'),(49,49,49,'2011-09-01 22:27:48'),(50,50,50,'1985-02-12 00:32:36'),(51,51,51,'2005-05-22 14:10:48'),(52,52,52,'1999-01-13 18:47:30'),(53,53,53,'1989-09-05 00:46:52'),(54,54,54,'2008-05-27 21:49:08'),(55,55,55,'2004-01-05 10:48:11'),(56,56,56,'1972-05-15 09:07:59'),(57,57,57,'2002-04-23 18:53:50'),(58,58,58,'2007-11-13 15:12:00'),(59,59,59,'1991-12-01 22:05:14'),(60,60,60,'1977-06-17 10:53:42'),(61,61,61,'2000-11-01 11:55:39'),(62,62,62,'1993-10-25 03:38:39'),(63,63,63,'2001-01-04 07:27:35'),(64,64,64,'1990-09-08 07:41:23'),(65,65,65,'2002-03-01 02:57:55'),(66,66,66,'2015-04-20 16:54:30'),(67,67,67,'2011-07-30 11:58:49'),(68,68,68,'1990-08-17 05:09:49'),(69,69,69,'1970-06-01 13:08:37'),(70,70,70,'1998-02-05 15:33:24'),(71,71,71,'1981-04-05 05:50:13'),(72,72,72,'1979-06-08 21:40:20'),(73,73,73,'1996-03-21 06:49:37'),(74,74,74,'1983-12-11 10:40:08'),(75,75,75,'1991-04-12 00:07:09'),(76,76,76,'2017-08-19 00:43:01'),(77,77,77,'2004-06-25 05:43:25'),(78,78,78,'1999-07-22 11:37:59'),(79,79,79,'2000-12-22 20:22:18'),(80,80,80,'2003-11-11 08:08:50'),(81,81,81,'1983-09-04 10:31:23'),(82,82,82,'1971-06-27 02:37:06'),(83,83,83,'1983-04-30 20:08:12'),(84,84,84,'2004-08-16 22:15:13'),(85,85,85,'1999-07-04 16:34:50'),(86,86,86,'1971-07-20 17:13:05'),(87,87,87,'2006-04-18 08:06:34'),(88,88,88,'2014-11-22 07:28:40'),(89,89,89,'2003-05-14 03:55:53'),(90,90,90,'2014-03-04 23:03:22'),(91,91,91,'2011-10-01 17:24:43'),(92,92,92,'2006-03-18 17:13:44'),(93,93,93,'2005-02-04 23:26:43'),(94,94,94,'1989-11-18 18:41:19'),(95,95,95,'2011-09-20 09:26:50'),(96,96,96,'2003-07-17 17:27:54'),(97,97,97,'1979-09-24 17:38:46'),(98,98,98,'2020-12-29 16:19:29'),(99,99,99,'2010-03-18 12:22:32'),(100,100,100,'1978-07-25 03:52:40');
/*!40000 ALTER TABLE `likes` ENABLE KEYS */;
UNLOCK TABLES;

--
-- Table structure for table `media`
--

DROP TABLE IF EXISTS `media`;
/*!40101 SET @saved_cs_client     = @@character_set_client */;
/*!40101 SET character_set_client = utf8 */;
CREATE TABLE `media` (
  `id` bigint(20) unsigned NOT NULL AUTO_INCREMENT,
  `media_type_id` bigint(20) unsigned NOT NULL,
  `user_id` bigint(20) unsigned NOT NULL,
  `body` text COLLATE utf8mb4_unicode_ci DEFAULT NULL,
  `filename` varchar(255) COLLATE utf8mb4_unicode_ci DEFAULT NULL,
  `size` int(11) DEFAULT NULL,
  `metadata` longtext CHARACTER SET utf8mb4 COLLATE utf8mb4_bin DEFAULT NULL CHECK (json_valid(`metadata`)),
  `created_at` datetime DEFAULT current_timestamp(),
  `updated_at` datetime DEFAULT current_timestamp() ON UPDATE current_timestamp(),
  PRIMARY KEY (`id`),
  KEY `user_id` (`user_id`),
  KEY `media_type_id` (`media_type_id`),
  CONSTRAINT `media_ibfk_1` FOREIGN KEY (`user_id`) REFERENCES `users` (`id`) ON DELETE CASCADE ON UPDATE CASCADE,
  CONSTRAINT `media_ibfk_2` FOREIGN KEY (`media_type_id`) REFERENCES `media_types` (`id`) ON DELETE CASCADE ON UPDATE CASCADE
) ENGINE=InnoDB AUTO_INCREMENT=101 DEFAULT CHARSET=utf8mb4 COLLATE=utf8mb4_unicode_ci;
/*!40101 SET character_set_client = @saved_cs_client */;

--
-- Dumping data for table `media`
--

LOCK TABLES `media` WRITE;
/*!40000 ALTER TABLE `media` DISABLE KEYS */;
INSERT INTO `media` VALUES (1,1,1,'Neque et aliquid nulla ab repellat. Qui consequatur minima minima tempore molestiae. Saepe impedit id tempore qui.','aliquid',5704514,NULL,'1982-04-04 10:05:27','1984-10-24 05:07:17'),(2,2,2,'Explicabo eius autem dolorum eaque ad quaerat incidunt ipsum. Vel quo ut soluta magnam est ut quo. Aperiam maiores veritatis quaerat qui facere quasi.','omnis',58856,NULL,'2018-12-31 01:50:47','1996-09-19 05:00:38'),(3,3,3,'Sit sit eum laudantium inventore. Non ea incidunt molestiae consequuntur cumque repellendus ut. Quia ut eligendi laudantium. Fugit ipsam nulla quia blanditiis ratione omnis.','maiores',66,NULL,'2020-02-14 21:19:51','2017-12-06 01:18:45'),(4,4,4,'Nihil rerum odit nulla deserunt. Et cum quia esse rerum. Sed eveniet excepturi sint libero neque itaque voluptatem.','vel',6684030,NULL,'1977-07-29 12:08:09','1985-06-07 04:52:49'),(5,5,5,'Omnis repudiandae nihil illum. Deleniti commodi enim quidem quia. Non quidem qui commodi ducimus rerum voluptas. Dolorem tempora ea illo quis veritatis.','in',5,NULL,'1990-11-01 12:13:36','2003-02-28 06:19:44'),(6,6,6,'Eveniet illum magni ut est vitae non architecto. Eligendi quia perferendis et illum aut aliquam. Quis animi et sint ut vel saepe. Amet nostrum exercitationem culpa nihil in.','voluptatum',999614658,NULL,'2016-03-21 19:32:24','1985-09-26 17:54:32'),(7,7,7,'Et exercitationem nesciunt non. Qui et aut et ex facilis. Et quia quia atque iure ut omnis autem.','ipsa',5973,NULL,'2002-01-30 17:16:29','2011-01-15 00:17:34'),(8,8,8,'Sunt veniam voluptas et et omnis corrupti qui ea. Rerum explicabo magni veniam beatae. Numquam deleniti aut qui blanditiis tempora.','maxime',0,NULL,'2007-12-28 15:46:49','2011-06-21 06:30:53'),(9,9,9,'Sit consectetur repellendus asperiores dolores ea suscipit sit. Odio dolore aliquid quia quibusdam rerum distinctio. Ratione et ab ea. Sit quia vitae dolorum illo.','ut',43,NULL,'2005-01-02 11:51:18','2016-07-15 23:00:34'),(10,10,10,'Ut repellat adipisci eos aut dolores qui. Rem ex occaecati iste rerum aut. Velit enim sit veritatis vel ab accusantium.','voluptatem',95660,NULL,'1986-09-21 20:04:39','1975-04-18 16:59:55'),(11,11,11,'Nostrum recusandae accusamus aut ad. Beatae quisquam laboriosam optio inventore sed quam. Iusto a illum non nihil. Unde sit suscipit temporibus voluptatem possimus.','dolorem',18917,NULL,'2020-06-02 10:37:04','1992-05-24 00:50:59'),(12,12,12,'Quas velit sit est eius aut. Dignissimos quasi animi sed aspernatur ut velit temporibus dolorum. Qui fugiat est ut suscipit doloremque.','rem',268568,NULL,'2001-07-15 23:36:36','1986-05-24 04:23:34'),(13,13,13,'Tempore qui molestias quas quisquam quia unde reprehenderit. Eum fugit eum sunt. Enim officiis eos assumenda quam error similique itaque. Nostrum quia ab enim et suscipit iusto labore.','iste',993925,NULL,'1976-11-27 14:18:36','1994-04-14 05:31:51'),(14,14,14,'Autem fuga est quisquam assumenda ipsa alias. Incidunt velit ad quo ducimus. At fugit ipsum facilis laborum quasi cupiditate autem. Provident autem praesentium sit numquam.','pariatur',54508,NULL,'1997-07-28 19:03:46','2009-03-10 14:49:58'),(15,15,15,'Accusantium placeat quia laborum nesciunt et debitis. Aliquam debitis qui vel sint id ratione delectus. Exercitationem ut et sit autem dolor. Eligendi et est sit consequuntur deleniti in at omnis. Reiciendis cum reiciendis omnis qui.','sed',0,NULL,'2016-02-17 11:17:33','1999-12-30 14:35:24'),(16,16,16,'Ut quia unde modi eum. Iste et aliquid voluptatem molestiae nostrum. Qui ut est in dolor blanditiis inventore. Quod qui explicabo quae quia sapiente quis.','voluptates',5911,NULL,'1991-01-29 00:11:38','1975-03-07 12:45:18'),(17,17,17,'Adipisci cupiditate nostrum et sunt voluptatem porro. A quo et vero architecto. Deleniti perspiciatis eaque expedita.','nobis',13222,NULL,'1999-09-15 21:57:32','1973-01-30 15:03:51'),(18,18,18,'Odit ipsum deserunt sunt necessitatibus sint. Rerum minima omnis tenetur non et quo recusandae doloribus. Repudiandae velit illum cumque cupiditate corporis.','aliquid',230314135,NULL,'2011-12-19 11:07:49','2011-10-01 03:19:51'),(19,19,19,'Libero minima veniam non minima nisi voluptatibus aperiam. Quis voluptatum id culpa laudantium praesentium consequatur suscipit. Quia aut vel ea excepturi eos dolor.','non',660913,NULL,'1996-06-19 22:18:48','2004-11-13 09:17:57'),(20,20,20,'Id rem id ut deleniti est consectetur nulla. Aspernatur ut molestiae numquam quae quae vitae. Ratione aut aut eos sunt. Qui vero non nostrum iure.','id',4013,NULL,'1979-08-04 01:34:21','1994-01-02 19:15:31'),(21,21,21,'Temporibus excepturi nostrum quod voluptates nihil. Suscipit eos rerum qui exercitationem. Atque illo quam quae optio enim et. Nisi animi illo quisquam praesentium quis.','quam',35426,NULL,'1985-06-08 20:05:08','2010-08-18 02:41:31'),(22,22,22,'Facilis eum eligendi enim quia soluta aliquid ut. Numquam est velit rerum sapiente aliquid iure necessitatibus. Facere officia pariatur et sit doloribus et minima odio.','qui',9826659,NULL,'1971-08-26 11:33:29','2012-08-03 16:20:23'),(23,23,23,'Reiciendis sit perspiciatis sunt et soluta. Sunt quos inventore voluptas quia. Quasi suscipit non vel pariatur consequuntur.','consequatur',2571,NULL,'1972-12-30 12:29:20','1978-01-11 04:18:24'),(24,24,24,'Nam exercitationem rerum iusto minima explicabo delectus architecto. Incidunt nulla culpa mollitia est molestiae a. Ipsam et autem nostrum quae quia qui similique. Molestias earum maxime qui sint magnam officiis.','atque',5979959,NULL,'1983-11-27 21:31:32','1986-10-24 02:32:49'),(25,25,25,'Tempore deserunt maxime ad vero et ex quo corporis. Ad vel consequatur voluptatem sed. Aut cum numquam numquam ut. A reiciendis sint tempora laborum corporis.','aut',0,NULL,'1974-02-05 22:51:34','2000-08-14 15:03:46'),(26,26,26,'Excepturi voluptatem velit deserunt corporis minus. Facilis aut facere accusamus quae perferendis incidunt. Enim amet sit vel commodi quibusdam alias. Nihil blanditiis quia excepturi cum id dolores quia.','velit',7,NULL,'2019-09-12 08:49:49','1974-07-26 03:04:54'),(27,27,27,'Cupiditate autem consequatur et animi vel. Modi corporis cum non sed. Nostrum aut velit at voluptatem et. Inventore harum aperiam sint illo provident. Sapiente tempora facilis et tempora assumenda nihil aspernatur laboriosam.','quas',0,NULL,'1983-02-08 23:23:23','1975-09-11 01:58:40'),(28,28,28,'Quis quas voluptas qui qui voluptates. In eum quaerat dolorem voluptatum. Aspernatur quod voluptatem animi dignissimos nostrum voluptas.','qui',5259,NULL,'1986-12-23 10:57:07','1985-03-02 06:17:41'),(29,29,29,'Et dolor minima tenetur eius fugit. Suscipit dolor eius sit aliquid. Quisquam consequuntur nostrum beatae natus iusto nemo. Vel cum ducimus quae cum. Vel velit non incidunt animi et quis rerum.','iste',832634081,NULL,'1974-08-07 16:35:03','1999-03-18 09:45:55'),(30,30,30,'Iste qui quisquam et nisi dolorem qui et. Modi excepturi ut commodi molestiae animi. Totam ut consequatur et quisquam voluptas. Voluptas quo reiciendis facere deserunt nam et asperiores nam.','et',67320945,NULL,'2006-03-24 18:34:04','2005-06-24 15:33:17'),(31,31,31,'Similique quisquam atque iusto. Molestias autem quod animi aut et tempore. Ipsa laborum rem consectetur aperiam optio optio voluptatem cupiditate.','quos',610,NULL,'2013-01-04 22:16:25','1978-07-04 23:26:03'),(32,32,32,'Velit quo necessitatibus qui corrupti. Aperiam itaque quis dolorem blanditiis. Quia nisi magni fuga voluptas et. Voluptatum quo ut dolor sunt.','quia',208910,NULL,'1978-05-25 03:05:42','1984-11-25 19:04:19'),(33,33,33,'Dolores omnis tempora maxime cupiditate unde esse. Eligendi repudiandae adipisci nihil laudantium maxime quam iure.','sunt',0,NULL,'1997-02-21 20:01:35','2021-01-27 00:52:16'),(34,34,34,'Optio omnis quidem dolorum quia autem et. Sed aut delectus minus ullam error quia et omnis. Hic nesciunt aliquid et ratione tempore molestiae iste. Doloribus sint est quae tempore qui labore.','nihil',94267,NULL,'1989-11-16 13:10:22','1996-12-08 03:41:32'),(35,35,35,'Qui vero enim incidunt recusandae amet recusandae repellat. Qui placeat officia corrupti inventore. Qui quo tenetur aut nemo libero.','libero',645,NULL,'1984-01-10 18:46:55','1994-06-19 22:36:12'),(36,36,36,'Vel quod ut cum adipisci. Eligendi ab vitae aliquam. In veritatis vel tempore aspernatur corporis.','facere',455,NULL,'2002-09-23 23:57:07','2004-02-12 09:32:20'),(37,37,37,'Qui ullam consequuntur numquam et modi cum non. Amet dolor deleniti unde officia harum itaque soluta. Reiciendis molestiae corporis deleniti voluptatem sed et praesentium.','rerum',250082,NULL,'1995-11-13 02:11:12','2019-10-28 23:17:05'),(38,38,38,'Autem enim mollitia nobis fuga. Molestiae voluptatem non odit qui doloremque. Ratione et in autem quis inventore minus.','consectetur',973,NULL,'1985-09-26 07:20:44','2005-07-26 20:23:46'),(39,39,39,'Ipsum modi sint deleniti. Repudiandae tenetur provident molestiae. Illum eos vitae dolore saepe.','ducimus',0,NULL,'1988-08-28 00:01:06','2003-03-26 23:25:18'),(40,40,40,'Neque culpa et velit rerum molestias nesciunt molestiae. Quo rerum quaerat quis excepturi molestiae. Reiciendis quis et et nam sit.','et',223,NULL,'1981-08-17 16:54:57','2017-05-22 21:35:16'),(41,41,41,'Corporis vitae officia voluptas nulla autem. Voluptatem iusto nam animi consequatur porro omnis tenetur molestias. Qui delectus aliquam natus facere.','adipisci',452630,NULL,'2015-06-13 05:26:29','2002-08-09 23:23:38'),(42,42,42,'Et ipsum incidunt quis dolor blanditiis et. Non voluptatem et doloremque vel. Pariatur qui blanditiis nemo sint impedit labore aut. Sint amet sed eos quos asperiores deserunt sed. Atque asperiores repudiandae quo similique perspiciatis atque.','commodi',0,NULL,'2010-02-19 02:25:57','1995-03-28 12:46:49'),(43,43,43,'Fugit quaerat vel aut non delectus. Et pariatur voluptatibus eaque alias numquam quasi deserunt. Ea hic facilis dolores quis. Quod et provident maxime illo est.','consequatur',67652,NULL,'1988-01-15 03:17:16','2015-11-26 03:38:31'),(44,44,44,'Cumque non odio molestiae. Eaque velit autem sed doloribus est. Consequatur ut aut cum natus.','debitis',120,NULL,'1980-01-29 13:00:26','1974-11-28 18:48:48'),(45,45,45,'Esse rem debitis laborum ut id quidem quo nihil. Ut voluptate praesentium earum omnis aut illum quisquam. Quos tenetur voluptas aliquid labore autem qui iusto.','maxime',2,NULL,'1981-05-07 21:36:55','1979-11-16 11:03:51'),(46,46,46,'Quisquam ratione quibusdam vel architecto dolores iste. Eius dignissimos iste cupiditate error sapiente. Quidem et sequi qui.','magnam',933784,NULL,'2004-07-15 09:25:43','1990-08-07 17:32:14'),(47,47,47,'Assumenda esse facere similique nobis commodi. Ut magni maxime deserunt et architecto. Quasi ex repellendus fugit est.','eius',291379,NULL,'1982-03-09 22:21:35','2008-09-17 02:36:57'),(48,48,48,'Et quaerat fuga dolor excepturi nisi omnis repellat praesentium. Enim et quas voluptatem voluptatum omnis deserunt necessitatibus quod. Qui voluptatem eius et aliquam. Atque velit laboriosam qui aliquid qui eligendi.','et',7,NULL,'1994-05-29 13:24:17','1981-07-12 05:53:19'),(49,49,49,'Odio ad ipsum omnis est recusandae quia. Molestias in magni labore distinctio ea. Ducimus facere quidem cum atque. Labore voluptate et et reiciendis explicabo eos.','dolorum',9623,NULL,'1992-05-17 08:29:18','1977-01-04 06:09:22'),(50,50,50,'Molestias accusamus veritatis et deleniti. Vero cum consequatur officia quo magnam impedit. Quia tempore sit enim reiciendis. Minus qui voluptas dolor rerum possimus iste voluptas velit.','doloribus',194556360,NULL,'1973-02-16 19:58:17','1989-01-06 12:35:02'),(51,51,51,'Quod ut provident delectus laborum est ut. Asperiores est tempore distinctio deserunt. Ipsum sit impedit ad eos.','quis',48917,NULL,'1991-12-05 15:24:34','2006-06-03 23:46:45'),(52,52,52,'Qui natus dolor voluptas. Aliquid perferendis rerum numquam officia et cumque in. Perferendis qui aliquid qui dignissimos ut.','ut',30975,NULL,'2006-05-12 04:03:46','2004-09-04 15:06:25'),(53,53,53,'Dolorum corporis minima et dolore. Ut unde ea sapiente. Sunt voluptatem aspernatur sint. Id qui autem qui voluptatem quos.','molestiae',0,NULL,'2005-04-01 09:23:28','1982-10-17 03:08:31'),(54,54,54,'Corrupti fugiat ut officia distinctio. Fugit nostrum est ipsa voluptatem adipisci minus sed. Ex et aut quasi.','blanditiis',9,NULL,'2000-08-13 21:22:03','2017-12-15 16:56:03'),(55,55,55,'Minima veritatis sed harum eum molestiae. Perferendis deleniti adipisci impedit ut nostrum in illo harum. Cum quae laboriosam aut rem cupiditate rerum velit. Officiis aliquam porro hic commodi ut velit enim.','debitis',10827,NULL,'2020-10-05 02:56:18','2000-12-17 03:46:05'),(56,56,56,'Non rerum voluptatibus quaerat dolor non et. Quaerat sapiente cumque sunt laboriosam sit temporibus. Distinctio laborum quasi tenetur quidem expedita rerum nostrum. Possimus aliquid voluptatum saepe velit pariatur est est.','veritatis',82,NULL,'1972-10-04 01:21:01','2011-07-13 06:29:53'),(57,57,57,'Ut aliquam tempore quia occaecati. Aut aliquam voluptas quae sit. Rem voluptatem laborum aliquam earum quo.','neque',228,NULL,'2018-07-26 15:37:46','2016-12-06 06:20:28'),(58,58,58,'Est occaecati quo doloremque facilis culpa dolorem sapiente. Explicabo quas recusandae deleniti sint nemo. Temporibus sit placeat eos laudantium accusamus animi laboriosam. Eum animi laboriosam distinctio quo ea.','ipsum',901,NULL,'1997-06-12 14:05:44','2015-07-31 00:00:34'),(59,59,59,'Non est velit aut aperiam sed unde consequatur. Repellat eum laboriosam sed et ab. Ut quas aut in similique voluptatum fugit sint.','deleniti',726133,NULL,'2001-07-29 16:20:58','1992-05-29 11:13:13'),(60,60,60,'Atque et dolorem eligendi repudiandae omnis aut possimus. Qui quia et sit omnis. Ex debitis aut possimus non perspiciatis.','dolores',18,NULL,'2013-11-22 20:27:12','2008-03-02 22:28:11'),(61,61,61,'Dignissimos modi magni libero ut quidem neque. Nihil omnis ipsam ut asperiores voluptatem voluptatem. Atque officiis odit maiores in aut quia necessitatibus.','eaque',7978,NULL,'1982-03-04 05:40:28','2021-01-16 20:59:02'),(62,62,62,'Quia autem accusamus ipsa rerum. Nostrum corrupti sit vitae. Deserunt neque suscipit perferendis illum repellendus. Perferendis doloremque ipsa ex. Perspiciatis qui nam sit sequi esse id qui.','ad',4394,NULL,'1970-10-21 05:51:21','1979-01-10 20:18:55'),(63,63,63,'Vero et ut sed et et. Dolorum corporis totam aliquid quasi qui. Quam quo maxime tenetur explicabo sint sint aut. Itaque corporis soluta excepturi sed mollitia. Voluptas quasi pariatur qui cupiditate.','ipsam',24,NULL,'2005-07-15 23:27:37','1999-05-31 03:02:11'),(64,64,64,'Non ratione ullam suscipit sint est ipsum consequatur. Iure qui assumenda perspiciatis nihil eligendi et unde. Aut suscipit quos quaerat quaerat praesentium soluta nesciunt. Tempore temporibus enim animi.','delectus',4537504,NULL,'1999-04-12 13:31:58','2019-08-06 15:46:44'),(65,65,65,'Sed optio quos qui autem iure corporis. Incidunt quod enim porro qui asperiores quia. Maxime fugiat nulla facere ut. A modi ex sed et in autem voluptatum.','repellat',141560138,NULL,'1974-05-05 14:13:16','1981-01-08 00:09:59'),(66,66,66,'Veniam rerum accusamus eligendi est neque amet. Ut aut quisquam quidem.','ipsam',4237789,NULL,'2020-09-03 22:38:41','2017-06-06 03:19:58'),(67,67,67,'Aut fugit quis error soluta. Suscipit dolorem eos dicta corrupti possimus neque delectus autem. Hic debitis rerum tenetur odit. Deserunt molestias error deserunt ea optio.','minima',0,NULL,'1971-02-09 12:00:22','1981-01-17 23:09:35'),(68,68,68,'Reprehenderit quo odit libero. Rem repellendus voluptatum id maxime. Nobis voluptatem natus perferendis eos. Tempora optio molestias dolore corrupti error qui.','nam',0,NULL,'2010-05-11 07:21:33','1984-04-21 16:25:34'),(69,69,69,'Sunt et explicabo aut cum sed. Reiciendis voluptatibus debitis error non. Molestiae qui quidem voluptatem ratione. Consectetur dicta ut aut perspiciatis molestias. Eveniet molestiae atque voluptatum molestias.','fugiat',5749253,NULL,'1993-11-05 03:30:28','2006-01-26 08:40:24'),(70,70,70,'Vel quo cum tempore molestias repellendus minima temporibus ut. Repellendus reiciendis deserunt earum iusto fugiat. Enim iste et a architecto qui nulla exercitationem omnis.','laboriosam',0,NULL,'1987-04-02 05:35:31','1994-02-23 04:52:56'),(71,71,71,'In quibusdam eligendi blanditiis sed sit. Dolorum et provident architecto consequuntur. Unde quae nobis voluptas qui. Et eius et voluptates et.','maiores',3,NULL,'1994-06-30 17:02:56','1997-01-22 22:42:42'),(72,72,72,'Qui qui aliquam beatae. Tenetur sint reiciendis fugit dolores neque occaecati corrupti. Aut ullam qui dignissimos dolores molestiae quae debitis nulla. Illo est voluptatem voluptatum possimus odit.','rerum',59071,NULL,'1981-03-13 13:30:31','2021-03-09 02:22:40'),(73,73,73,'Ipsam voluptas temporibus odit qui dolorem cum. Itaque quaerat non autem officiis quibusdam fugit. Eum accusamus esse quos occaecati doloribus consequatur consequuntur. Corporis asperiores odit cum repellendus veritatis.','sed',594,NULL,'2003-04-12 15:11:16','1980-01-17 16:32:53'),(74,74,74,'Rerum dolores dignissimos fugiat nemo aut fugiat. Quia nihil dolore ut non nisi totam. Rerum nobis vel aut minus voluptatum.','labore',87849,NULL,'1984-12-02 17:28:39','1979-07-15 09:25:32'),(75,75,75,'Doloribus natus necessitatibus non aliquam. Aliquam laudantium eos occaecati illo qui. Et quam corrupti atque.','praesentium',474113299,NULL,'2009-08-05 06:55:17','1970-02-08 11:31:34'),(76,76,76,'Consequatur omnis nam placeat sapiente quis sed facere aut. Cum totam laboriosam qui quia corrupti nihil fuga. Velit fugit expedita non qui natus minima aut odio. Repudiandae consequatur ut enim.','molestiae',494459,NULL,'1973-08-13 19:42:06','2018-08-15 17:50:22'),(77,77,77,'Dolores soluta exercitationem in occaecati. Magni dolorem eum quia placeat laboriosam eum non blanditiis. Odit iusto dolorem porro nam.','quia',19,NULL,'2016-10-29 02:57:23','2017-07-22 01:06:35'),(78,78,78,'Perspiciatis totam est nulla ea. Odit est nostrum aut magnam. Et tempora libero eos laboriosam molestiae quia.','quo',757550,NULL,'2020-05-25 02:43:21','2002-07-23 11:11:28'),(79,79,79,'Est aliquam porro voluptas maiores qui. Vel facilis et voluptatem. Quis nobis magnam blanditiis accusantium. Id nemo velit itaque deserunt est sapiente. Accusantium aut laudantium velit vel deserunt.','totam',9188196,NULL,'2011-09-09 07:53:18','1998-06-28 13:58:42'),(80,80,80,'Ipsa delectus amet nulla nihil tenetur voluptatem nam. Qui dignissimos et asperiores est non ullam fugit. Adipisci vel placeat amet quia voluptas minus adipisci. Sunt error qui quisquam sed.','at',44797953,NULL,'1985-07-02 11:33:09','2014-12-11 03:26:55'),(81,81,81,'Rem aut alias explicabo laudantium unde. Molestias et quibusdam commodi sunt. Fugit ut necessitatibus mollitia.','veniam',555585742,NULL,'2012-07-22 19:28:17','2001-09-19 03:39:03'),(82,82,82,'Ut voluptates vitae est numquam autem. Deserunt sed iste odit. Voluptate enim molestiae ut qui maxime quis id reprehenderit.','molestiae',5569,NULL,'2001-01-11 19:10:23','1985-06-20 15:28:19'),(83,83,83,'Corporis totam quae rerum qui porro. Exercitationem sit consequatur odit veniam voluptas molestiae adipisci omnis. Quo sunt culpa itaque error ex est quae. Architecto quisquam reprehenderit qui commodi iste aut.','perferendis',0,NULL,'2020-05-22 15:56:35','2017-10-01 00:41:52'),(84,84,84,'Natus sit officia ut et voluptatem accusamus veniam. Eum sed eius quae voluptatem voluptatibus.','ut',8524929,NULL,'2010-11-04 15:26:16','2002-03-14 22:09:22'),(85,85,85,'Atque velit qui ut distinctio. Doloremque minima deserunt ipsum praesentium. Numquam repellendus itaque in architecto nihil eos. Fuga repudiandae neque sed asperiores.','sit',309721197,NULL,'2013-11-17 20:02:30','1973-07-12 17:33:08'),(86,86,86,'Asperiores delectus non perferendis assumenda provident nemo eius voluptate. Hic non dolores quia sit quaerat aut. Dolores ut laudantium quas consequatur in dolorem cum quidem. Aliquam assumenda quia dolores id ipsa et.','voluptate',74188,NULL,'1991-04-23 11:42:00','1996-05-08 00:28:25'),(87,87,87,'Iusto amet cumque omnis necessitatibus non. Cumque sed labore qui voluptatum sint et. Autem hic vitae cumque sint maiores modi quaerat.','quis',2912497,NULL,'1999-11-16 12:13:13','1972-04-22 15:39:43'),(88,88,88,'Dignissimos quis quos consequatur sunt beatae. Dicta sequi consequatur dolorem animi exercitationem ut fuga. Nisi voluptatem ut eum enim et sed est quam. Est qui tempora sed iste.','amet',9789825,NULL,'2005-10-10 20:44:50','2000-01-20 14:48:55'),(89,89,89,'Voluptatem rem non soluta. Ut ea dolorem voluptatem aut sed et. Quas possimus cumque quas cumque porro eligendi. Sit velit suscipit molestiae tenetur consequuntur voluptatem.','nihil',6639,NULL,'1982-02-22 08:49:52','1997-02-12 13:27:41'),(90,90,90,'Sit ut dolor deserunt optio ea aspernatur sed. Quis molestias placeat qui ut et quam et. Qui dolorem quasi veritatis. Vero quia aspernatur deleniti corporis vel nihil.','blanditiis',0,NULL,'1978-08-24 00:20:24','2008-09-20 08:03:27'),(91,91,91,'Eligendi enim aliquid eos quibusdam molestias. Ea occaecati odio iste soluta placeat. Accusantium illum optio dolor velit.','fugit',0,NULL,'1990-06-24 12:15:47','1997-04-17 22:31:19'),(92,92,92,'Quas provident quia blanditiis dolorem. Quibusdam eius quasi assumenda qui. Excepturi enim quam quia optio. Aliquam incidunt impedit sequi.','eum',908308911,NULL,'1992-01-20 00:19:32','1977-11-19 01:09:15'),(93,93,93,'Et vero quidem expedita commodi. Cumque quia eum similique cumque. Dolores harum suscipit et dolorem voluptas molestias. Ut voluptas sed qui necessitatibus exercitationem et vitae.','quidem',9805448,NULL,'2015-12-01 04:36:17','2010-08-20 12:16:14'),(94,94,94,'Aperiam reiciendis illum id quia est iste. Ex inventore delectus magnam at eum. Eius tenetur voluptas vel qui blanditiis. Tenetur dignissimos consequatur enim exercitationem tempora.','et',265006227,NULL,'1972-08-26 22:32:40','1976-12-22 22:34:12'),(95,95,95,'Quas doloremque et quidem quas deleniti perferendis maxime. Ea veritatis rerum ullam molestiae tempora. Et laudantium odit fugit hic et provident enim.','non',380379726,NULL,'1981-08-09 05:13:07','1994-10-15 18:30:10'),(96,96,96,'Voluptatem sint est sed non. Dolorem est doloribus voluptas illum corporis est. Culpa dignissimos voluptate sint dolores fugiat consequatur.','quo',1,NULL,'2007-05-09 08:00:18','1993-03-09 03:00:27'),(97,97,97,'Neque non illum ducimus incidunt nemo. Dolorem mollitia nihil ad voluptate sunt. Ipsa eius ut est soluta repellat nihil et.','similique',130,NULL,'1990-01-29 04:54:15','2002-08-12 09:24:00'),(98,98,98,'Est minus impedit quasi repellendus. Nam sed numquam dicta minus accusantium. Distinctio veniam nihil incidunt perferendis natus delectus. Modi quo quibusdam velit recusandae minus.','illo',2,NULL,'1988-08-16 18:48:11','2001-06-26 08:46:26'),(99,99,99,'Accusantium blanditiis delectus voluptatum eos est dolor iusto. Non sunt sequi hic placeat quo voluptate consequatur. Qui deserunt voluptate deleniti fugit et non aliquid dolorem.','velit',320994840,NULL,'1993-12-25 08:27:38','2020-09-07 00:02:51'),(100,100,100,'Nemo soluta est illum. Praesentium ipsa non accusantium quod qui temporibus enim. Accusantium rerum velit accusantium voluptatem unde earum.','fugiat',7299359,NULL,'1983-09-17 16:23:13','1983-08-28 21:11:51');
/*!40000 ALTER TABLE `media` ENABLE KEYS */;
UNLOCK TABLES;

--
-- Table structure for table `media_types`
--

DROP TABLE IF EXISTS `media_types`;
/*!40101 SET @saved_cs_client     = @@character_set_client */;
/*!40101 SET character_set_client = utf8 */;
CREATE TABLE `media_types` (
  `id` bigint(20) unsigned NOT NULL AUTO_INCREMENT,
  `name` varchar(255) COLLATE utf8mb4_unicode_ci DEFAULT NULL,
  `created_at` datetime DEFAULT current_timestamp(),
  `updated_at` datetime DEFAULT current_timestamp() ON UPDATE current_timestamp(),
  PRIMARY KEY (`id`)
) ENGINE=InnoDB AUTO_INCREMENT=101 DEFAULT CHARSET=utf8mb4 COLLATE=utf8mb4_unicode_ci;
/*!40101 SET character_set_client = @saved_cs_client */;

--
-- Dumping data for table `media_types`
--

LOCK TABLES `media_types` WRITE;
/*!40000 ALTER TABLE `media_types` DISABLE KEYS */;
INSERT INTO `media_types` VALUES (1,'occaecati','2017-10-26 19:32:19','2020-03-31 06:13:26'),(2,'facilis','1984-07-10 05:03:01','1998-11-17 09:44:32'),(3,'iusto','1981-11-14 20:38:39','2002-04-17 14:24:23'),(4,'et','2000-09-19 22:56:33','1976-12-25 06:47:37'),(5,'omnis','1985-05-09 04:49:33','1991-08-08 23:03:40'),(6,'ut','2017-08-24 09:16:21','2019-02-03 11:18:48'),(7,'omnis','1996-10-18 16:08:24','2012-02-21 23:54:06'),(8,'accusantium','1983-03-23 00:53:45','1978-12-28 08:16:19'),(9,'qui','1993-05-23 00:58:03','1975-11-20 17:25:35'),(10,'ex','2013-10-19 18:00:37','2018-06-19 06:50:21'),(11,'delectus','1997-03-07 19:14:44','1984-02-18 17:57:54'),(12,'sed','1977-09-28 09:41:48','1981-06-30 08:42:20'),(13,'nihil','2003-01-15 00:53:59','2010-07-25 10:52:19'),(14,'sapiente','1990-01-01 16:43:01','1991-01-04 09:22:31'),(15,'et','1976-05-12 04:10:55','1991-05-02 23:14:48'),(16,'molestiae','2002-06-20 13:05:56','1983-01-13 21:16:57'),(17,'dignissimos','2013-02-17 02:10:52','1973-10-28 03:38:24'),(18,'quia','1972-01-05 23:14:40','2012-12-02 23:06:43'),(19,'qui','1981-04-11 11:50:22','2001-03-05 14:43:34'),(20,'consequatur','1996-03-05 06:39:04','2006-06-23 20:58:32'),(21,'dolore','1983-02-09 08:08:45','2004-01-05 09:29:53'),(22,'in','1982-01-06 06:03:02','1970-09-06 15:08:21'),(23,'neque','1994-05-19 23:18:08','2017-04-15 07:47:30'),(24,'aspernatur','2007-01-16 14:10:15','1984-06-29 05:41:24'),(25,'facilis','2015-05-03 02:43:05','2005-06-04 05:16:42'),(26,'quos','2020-10-04 18:46:09','2006-08-06 03:14:54'),(27,'nemo','1979-10-10 11:38:13','1982-03-26 18:34:17'),(28,'similique','1993-04-27 09:02:41','2007-01-17 04:20:49'),(29,'quia','1974-08-04 20:11:42','2020-09-02 03:05:22'),(30,'assumenda','1983-07-07 08:42:56','1979-12-08 01:37:47'),(31,'qui','1971-08-21 00:03:59','1981-03-11 05:01:06'),(32,'quia','1971-05-17 22:22:36','1991-10-23 23:34:15'),(33,'veritatis','1996-10-11 04:03:29','2012-03-13 18:09:35'),(34,'consequatur','2015-10-24 17:07:15','1994-11-17 08:45:59'),(35,'molestiae','1975-04-29 11:55:24','2019-03-07 12:18:17'),(36,'sed','1993-05-28 10:58:43','2003-11-25 15:13:29'),(37,'ut','1981-12-05 22:00:49','2005-10-21 08:56:31'),(38,'et','1972-02-09 11:23:33','2005-07-01 18:02:37'),(39,'quis','1978-05-15 15:55:07','1998-03-28 06:43:10'),(40,'placeat','1986-08-16 18:25:27','1995-12-09 02:15:16'),(41,'beatae','2015-05-17 22:23:00','2013-07-22 17:19:14'),(42,'voluptates','1977-08-13 02:12:08','2006-04-26 15:16:54'),(43,'et','1974-07-22 05:28:15','2012-02-03 01:53:04'),(44,'corrupti','2011-03-13 19:16:51','2010-08-28 17:19:02'),(45,'architecto','1985-04-04 07:16:26','2020-05-30 21:50:46'),(46,'maiores','1992-02-19 01:57:17','2018-07-26 18:59:53'),(47,'laudantium','2003-06-10 10:14:41','1982-12-27 23:20:46'),(48,'ducimus','2011-10-09 19:23:36','2001-10-16 19:06:10'),(49,'amet','1993-09-22 08:21:28','1998-04-04 21:06:03'),(50,'nesciunt','1992-11-22 17:49:49','2000-12-11 12:07:20'),(51,'aliquid','1974-11-26 06:27:13','1995-09-27 12:54:17'),(52,'repellat','2004-03-30 11:07:38','1976-10-16 18:53:13'),(53,'illum','1972-02-02 08:27:21','1979-04-07 00:31:02'),(54,'et','2014-08-18 10:13:36','1996-09-28 05:15:24'),(55,'voluptas','2006-03-13 09:19:43','1991-02-21 13:40:34'),(56,'mollitia','2000-11-14 14:12:38','2001-04-21 02:43:02'),(57,'soluta','1998-01-05 09:48:20','1992-05-08 00:32:04'),(58,'molestias','2017-03-10 02:19:38','1983-01-07 19:28:36'),(59,'accusantium','2000-09-25 13:38:12','1987-10-18 15:42:35'),(60,'aut','2010-08-04 06:17:55','2005-03-09 15:18:49'),(61,'non','1991-04-06 01:24:56','1995-08-24 14:34:34'),(62,'est','1995-10-03 16:08:26','2001-01-22 02:16:43'),(63,'sed','1984-12-17 21:49:47','2009-06-05 13:16:59'),(64,'natus','1977-12-27 11:53:52','2009-08-01 05:40:29'),(65,'ducimus','1985-08-01 01:06:50','1982-08-18 22:16:11'),(66,'ab','1992-04-19 07:27:40','1987-04-25 10:53:28'),(67,'quos','2005-01-16 14:16:08','1998-05-16 15:29:04'),(68,'hic','1983-04-15 20:37:39','1994-08-12 04:23:55'),(69,'aut','2014-05-20 06:31:54','2002-05-24 17:41:43'),(70,'nihil','1995-02-24 11:54:19','1980-12-26 01:31:52'),(71,'sint','1982-06-13 22:08:27','2018-07-08 00:37:50'),(72,'aliquid','2019-12-17 18:49:45','2011-03-25 05:05:15'),(73,'ut','2018-07-28 15:19:08','1994-05-11 15:52:27'),(74,'possimus','1975-11-02 23:42:53','2004-09-17 19:54:37'),(75,'occaecati','1983-12-21 03:36:32','1980-03-19 19:46:06'),(76,'perspiciatis','2002-05-08 02:33:11','2013-09-05 08:34:18'),(77,'id','1977-05-22 10:49:23','2009-01-27 10:52:34'),(78,'laborum','2003-03-22 02:37:58','1997-04-11 23:56:43'),(79,'officia','2001-01-28 16:06:34','2017-12-20 08:12:18'),(80,'quis','2019-08-31 12:14:54','2006-07-18 19:28:43'),(81,'et','1991-10-16 11:30:23','2007-07-15 09:38:46'),(82,'ea','1978-08-02 14:11:56','2017-04-09 22:48:16'),(83,'possimus','1977-02-25 19:03:44','1986-09-29 12:07:08'),(84,'corrupti','2012-11-16 15:52:51','1973-08-08 09:10:55'),(85,'modi','2016-01-18 07:37:19','2018-02-21 02:43:12'),(86,'quae','2002-06-08 12:25:45','2016-09-02 18:53:58'),(87,'et','1985-11-06 23:09:21','1985-06-05 15:12:50'),(88,'libero','1987-09-24 18:56:52','2010-04-23 23:25:12'),(89,'accusantium','1999-02-27 06:19:30','1985-04-21 12:08:20'),(90,'earum','1995-05-27 00:09:08','2015-01-09 12:57:12'),(91,'aspernatur','1994-07-21 12:00:38','2013-04-26 21:25:55'),(92,'et','2004-01-28 12:59:00','1981-07-25 08:35:28'),(93,'et','1974-02-02 17:05:56','2018-12-02 14:11:14'),(94,'rerum','2001-07-04 03:53:52','2016-08-15 00:22:52'),(95,'totam','1984-03-26 06:37:11','2012-07-01 14:05:36'),(96,'odio','1983-12-20 23:24:35','2017-03-10 20:28:14'),(97,'quibusdam','2004-09-21 03:20:08','1976-05-15 07:37:29'),(98,'eveniet','2011-10-31 06:11:09','2013-02-11 13:32:13'),(99,'quibusdam','1977-02-14 19:21:04','1986-04-07 23:46:22'),(100,'odit','1989-01-08 20:30:58','2008-09-25 05:43:20');
/*!40000 ALTER TABLE `media_types` ENABLE KEYS */;
UNLOCK TABLES;

--
-- Table structure for table `messages`
--

DROP TABLE IF EXISTS `messages`;
/*!40101 SET @saved_cs_client     = @@character_set_client */;
/*!40101 SET character_set_client = utf8 */;
CREATE TABLE `messages` (
  `id` bigint(20) unsigned NOT NULL AUTO_INCREMENT,
  `from_user_id` bigint(20) unsigned NOT NULL,
  `to_user_id` bigint(20) unsigned NOT NULL,
  `body` text COLLATE utf8mb4_unicode_ci DEFAULT NULL,
  `created_at` datetime DEFAULT current_timestamp(),
  PRIMARY KEY (`id`),
  KEY `from_user_id` (`from_user_id`),
  KEY `to_user_id` (`to_user_id`),
  CONSTRAINT `messages_ibfk_1` FOREIGN KEY (`from_user_id`) REFERENCES `users` (`id`) ON DELETE CASCADE ON UPDATE CASCADE,
  CONSTRAINT `messages_ibfk_2` FOREIGN KEY (`to_user_id`) REFERENCES `users` (`id`) ON DELETE CASCADE ON UPDATE CASCADE
) ENGINE=InnoDB AUTO_INCREMENT=101 DEFAULT CHARSET=utf8mb4 COLLATE=utf8mb4_unicode_ci;
/*!40101 SET character_set_client = @saved_cs_client */;

--
-- Dumping data for table `messages`
--

LOCK TABLES `messages` WRITE;
/*!40000 ALTER TABLE `messages` DISABLE KEYS */;
INSERT INTO `messages` VALUES (1,1,1,'Incidunt nihil cupiditate nobis cumque odit. Et cupiditate doloribus adipisci error in. Consequatur quo deleniti et quaerat quae at voluptatem. Suscipit modi voluptatem amet accusamus ut.','1971-07-17 08:02:14'),(2,2,2,'Deleniti et nobis sed expedita. Aliquid ab soluta non maiores. Ut adipisci et maiores repellendus ut dolores. Occaecati error error aut est.','2016-03-25 15:44:24'),(3,3,3,'Quis libero expedita voluptatem quae voluptatibus voluptatibus quia nihil. Explicabo temporibus fugit quia neque voluptates eligendi. Labore architecto et iste omnis. Et inventore odit atque tenetur tempora aliquid autem illum. Qui pariatur qui voluptate perspiciatis nostrum quis.','1971-06-17 19:52:40'),(4,4,4,'Ut praesentium in est sed sint sunt. Iste et a cumque ad. Consequatur molestiae aut rerum in deleniti assumenda minus. Est consequuntur corporis consequatur labore aliquam.','2020-10-30 00:26:49'),(5,5,5,'Alias voluptatem iste culpa quasi quae hic. Exercitationem et tenetur voluptate rerum cupiditate. Voluptas error eum quidem iusto non doloribus.','1988-12-12 00:36:09'),(6,6,6,'Beatae hic quidem quae soluta voluptatem vitae laboriosam. Praesentium qui ex accusantium et occaecati repudiandae. Voluptatem maxime autem omnis.','1992-05-18 03:13:37'),(7,7,7,'Ipsa provident qui qui voluptatem temporibus possimus id. Quod quo soluta voluptatum maiores occaecati dolorem id. Sequi est ipsam at culpa.','1970-04-10 07:27:44'),(8,8,8,'Facilis dolores aut quaerat provident laborum. Voluptatum excepturi similique ut non. Consequatur iure perspiciatis facilis. Quia necessitatibus quam ex laudantium.','1989-05-10 09:50:14'),(9,9,9,'Et sequi architecto incidunt cumque nemo. Et eos rerum exercitationem quo. Totam enim quis natus maxime.','1988-01-14 03:33:41'),(10,10,10,'Molestiae dolores voluptatem voluptates itaque voluptatem. Odio dignissimos sint est nostrum autem in. Nobis exercitationem ex et alias.','2015-11-30 13:34:44'),(11,11,11,'Magni repudiandae excepturi nihil saepe voluptatem. Quo necessitatibus et voluptatem beatae inventore nemo non rem. Alias commodi fugiat soluta illum tempore aut perspiciatis.','2009-05-11 05:28:01'),(12,12,12,'Deleniti ab aut suscipit consequatur nulla voluptatem. Atque enim reiciendis et perspiciatis. Dolores fugit tempora autem rerum. Hic quasi illum veniam quae ut explicabo qui ut.','2000-01-22 14:02:23'),(13,13,13,'Quod numquam adipisci culpa voluptatem praesentium. Eveniet et nam quidem doloremque rerum ea. Quo veniam explicabo nulla esse maxime. Quia perspiciatis ipsam mollitia et quis commodi enim.','2011-01-28 07:10:59'),(14,14,14,'Nobis id perspiciatis molestiae. Ut labore quia sequi dolorum. Molestiae dolor sit et soluta et sint voluptatum. Quam sunt qui maiores et sed.','2004-04-24 01:04:56'),(15,15,15,'Ab corrupti excepturi iusto reiciendis repellendus exercitationem. Ut quis aut est eveniet sed. Nisi commodi fuga amet hic. Quos non sit placeat ipsa error.','1973-11-26 03:33:09'),(16,16,16,'Vel libero labore aliquid aut. Sunt dolorem eos magni soluta. Voluptatum quo aut ipsa omnis illum.','2001-08-15 04:45:48'),(17,17,17,'Similique esse voluptatum repellendus soluta natus dolore repudiandae asperiores. Adipisci sit molestiae sit occaecati autem a vel vel. Voluptas dicta ratione et ipsam fuga facilis quod. Voluptatem voluptatibus et enim voluptates enim tempora aliquid perferendis. Rem vel dolore aspernatur tempore.','1970-09-09 06:47:40'),(18,18,18,'Facere dolore architecto aliquid et enim earum. Tempore commodi earum doloribus aut ut expedita sit cupiditate.','1990-02-06 14:29:08'),(19,19,19,'Quia asperiores error magnam asperiores qui. Voluptatum excepturi ullam sunt est molestias in enim tempora. Occaecati exercitationem cum cumque voluptatibus.','2006-11-17 00:32:58'),(20,20,20,'Dolorum rerum hic qui quisquam. Reprehenderit et assumenda veniam facere. A voluptatem voluptas sit. Dolores recusandae fuga dolores iure omnis.','2006-10-13 00:43:31'),(21,21,21,'Dignissimos est in et rem voluptas aut et quod. Quo repudiandae velit dolorem eos. Similique placeat at est accusantium.','1990-01-16 14:49:00'),(22,22,22,'Consequatur magni inventore facere accusamus blanditiis cupiditate. Excepturi sed corporis quisquam enim. Iste at quis pariatur ducimus ipsa cupiditate.','1999-05-05 19:06:19'),(23,23,23,'Quasi ex id aspernatur debitis. Dignissimos dolores quisquam itaque nulla. Atque veniam nisi est itaque eius vel facere. Voluptatum adipisci unde ducimus est.','2016-06-08 22:35:28'),(24,24,24,'Dicta consequatur animi sunt consequuntur voluptas ut. Enim et reprehenderit eum amet omnis. Nobis aut quaerat et enim accusamus dolor praesentium. Nostrum facere ratione dolor.','1979-02-26 08:15:58'),(25,25,25,'Est necessitatibus soluta eum unde. Molestias et in ab nisi quo. Cumque enim aspernatur unde sunt et.','2017-11-03 17:45:52'),(26,26,26,'Adipisci suscipit quasi veritatis nisi accusamus incidunt autem. Excepturi autem similique minus voluptatem similique. A sunt molestiae esse delectus sed.','2002-07-23 07:19:55'),(27,27,27,'Expedita non ab aut. Id aut qui id nisi. Sunt ipsa sit a dolor ad facere iure.','2018-06-25 01:34:38'),(28,28,28,'Est laborum eos ad aliquid id. Itaque provident voluptatem reiciendis dignissimos quas minima aut. Quibusdam delectus reprehenderit minus ut eveniet molestias. Eaque voluptas sunt ut consectetur consequuntur.','1982-10-23 12:58:40'),(29,29,29,'Perspiciatis at esse enim deserunt eos. Tempora optio nemo nisi voluptas quis sit consequatur. Maiores maxime amet laboriosam fugit ea cum occaecati dolores. Optio id non omnis molestias.','1984-03-02 16:24:48'),(30,30,30,'Laudantium ullam sit tenetur neque. Est deleniti eum itaque consectetur optio. Inventore praesentium esse cupiditate nesciunt laboriosam.','2011-12-19 19:08:49'),(31,31,31,'Dolor est quia dolorem autem modi ut. Hic provident eos sint sit quis. Ipsam non nulla ratione iure amet. Beatae quod ipsam nulla laudantium.','2015-08-18 03:01:48'),(32,32,32,'Quo doloremque ea distinctio doloribus. Repellat pariatur sed dolore quasi maiores. Sed repellendus officia nobis est vero. Ullam odio occaecati rerum consequatur dolor ut.','1999-02-03 10:16:58'),(33,33,33,'Dicta consequatur consequuntur sapiente earum eos nobis recusandae officia. Culpa molestias aperiam maiores nihil. Qui suscipit consequuntur error aliquid. Iusto molestiae sit harum sed possimus recusandae.','1972-06-01 01:56:19'),(34,34,34,'Pariatur veritatis inventore doloremque voluptate. Id aliquid libero ullam et enim deserunt fuga. Et omnis aut et eum sint sunt harum.','1989-10-03 10:07:24'),(35,35,35,'Odit delectus dolorum facilis eveniet aut et temporibus. Sit qui architecto perspiciatis atque aut consequatur commodi.','2001-01-01 08:01:45'),(36,36,36,'Dolorem ullam et maiores nostrum. Ab aut incidunt ea quia voluptatibus accusantium sit ab.','2005-06-23 13:33:13'),(37,37,37,'Voluptatem eligendi dolor sapiente debitis. Natus eum et quis dolorem. Dolores ut perspiciatis eaque blanditiis consequatur mollitia.','1991-05-10 20:25:27'),(38,38,38,'Provident rerum aliquam ipsum quisquam. Placeat consectetur neque odit. Error laborum eaque earum.','1995-03-31 05:40:29'),(39,39,39,'Dolore laboriosam nam temporibus recusandae beatae. Voluptatum et id accusamus quo rerum similique dolorem. Illum sit tempore libero. Impedit aspernatur ipsam harum nesciunt a.','2020-11-10 16:32:46'),(40,40,40,'Atque reprehenderit ut ducimus eum. Totam inventore omnis voluptatum.','1995-07-14 16:43:09'),(41,41,41,'Beatae ducimus neque et similique dolorem. Ullam fugiat distinctio itaque fuga libero. Et illum amet qui eaque necessitatibus quia consequatur. Minus officiis et sunt ut.','2018-11-19 16:04:41'),(42,42,42,'Ut quidem eum et aut expedita at quaerat. Aperiam molestias quo accusantium consequatur aspernatur ex rerum numquam. Facilis et dolor ipsam dolores. Aut et aut voluptas qui ut.','2008-09-14 20:21:20'),(43,43,43,'Libero dolorum dicta et debitis repellat saepe. Iure voluptatum eius aperiam veniam. Ipsam sed et ea aut voluptatem iste.','1999-01-09 21:44:54'),(44,44,44,'Nam nesciunt et iure magni ducimus. Quo tenetur sit enim voluptatum iste autem. Molestias quas sed dolore ad at voluptates eos. Fugit cum distinctio voluptatem id minima molestiae.','1999-05-06 07:48:06'),(45,45,45,'Vero sapiente provident id. Voluptate et praesentium et velit. Facilis aut repellendus qui excepturi sed quia.','1991-08-03 23:22:34'),(46,46,46,'Et quo facere in aliquid nobis sit. Omnis dolorum voluptatem qui iste aut. Error suscipit quo et laudantium. Fugit excepturi corporis aliquam dolor saepe atque.','1998-12-07 10:29:15'),(47,47,47,'Et qui odio totam sit. Aliquid hic dolores ducimus et laudantium. Natus incidunt quia enim inventore iusto. Ad tenetur incidunt esse.','2017-03-11 12:37:04'),(48,48,48,'Perferendis quae omnis ratione iusto. Error ut eos asperiores. Ut velit accusamus recusandae ipsa et exercitationem et.','1986-08-13 22:01:48'),(49,49,49,'Sit laudantium odit reiciendis dolorem. Consequatur sunt labore et voluptatem et debitis. Blanditiis praesentium odio est rem reprehenderit.','1996-05-12 00:59:40'),(50,50,50,'Fugit est error consequatur soluta voluptas quisquam nulla excepturi. Dolor a similique nihil ea nesciunt. Dolor et non suscipit et sequi sit.','2006-05-26 10:47:21'),(51,51,51,'Quo laborum autem accusamus et. Voluptatem omnis voluptatem quisquam aut dolor deleniti. Facere rerum quia esse esse.','2019-02-20 04:30:53'),(52,52,52,'Nihil ut animi molestias non velit. Totam et fuga in minus necessitatibus laboriosam. Et ipsam aut et libero accusantium voluptatem perspiciatis.','1985-06-27 06:15:12'),(53,53,53,'Ut et quibusdam dolorum. Debitis eos distinctio nobis vitae quis iure aut. Sed quasi illum et ex. Minima minus rerum impedit qui aut alias officia quis. Et excepturi reprehenderit facilis vel quibusdam vero.','1990-11-11 11:47:13'),(54,54,54,'Officiis veniam vel voluptate dignissimos nemo. Asperiores veniam earum ut aut. Qui cupiditate et dolor distinctio. Tempora quae culpa et dolorem quam est.','2019-06-04 23:22:57'),(55,55,55,'Ullam id sit nulla corporis non molestiae quae enim. Qui officiis ipsa magni perspiciatis.','1995-07-03 01:50:27'),(56,56,56,'Quam corporis consectetur corrupti ut illum consectetur dicta. Soluta repellendus et accusamus voluptatem sint ullam rem. Illum aut laudantium quos esse hic veniam dolore reprehenderit. Magnam et culpa recusandae et libero nam. Beatae est ut quae fuga.','1997-12-13 14:57:01'),(57,57,57,'Est id quae qui et reprehenderit illum. Accusantium est esse consequatur odit libero. Esse modi harum minus sapiente molestiae voluptas quis rerum.','1976-05-23 16:43:20'),(58,58,58,'Qui enim atque voluptas est dignissimos nisi. Quia accusantium voluptatem incidunt quam fugit qui atque. Et sapiente ad ad reprehenderit quo ipsum. Excepturi ut non neque voluptatem nostrum illo.','1980-01-23 04:12:15'),(59,59,59,'Qui nesciunt sint suscipit alias est dolorem possimus. Provident doloremque in et ipsa officiis quo quasi.','1979-11-30 22:43:52'),(60,60,60,'Mollitia autem sequi distinctio illum fugiat saepe. Sint qui soluta est. Eos aut unde aut. Repudiandae est vero in.','2015-06-15 18:49:03'),(61,61,61,'Natus molestiae voluptates esse voluptates tempore qui suscipit. Praesentium veritatis dolorum rem non. Est et molestiae est quod perspiciatis quisquam error. Iste exercitationem quas dolorum itaque aut. Pariatur ipsam vel qui quam debitis itaque dolorem quos.','2008-09-30 07:22:54'),(62,62,62,'Sunt architecto explicabo veniam consequatur voluptatem nostrum hic. Tempore necessitatibus commodi itaque nemo incidunt exercitationem voluptas. Velit sit quaerat laudantium. Quo voluptates natus nam velit architecto consequuntur. Voluptatem at sed illum iusto reiciendis veniam dolorum.','2017-11-25 14:25:49'),(63,63,63,'Neque ullam rerum nemo autem laboriosam qui. Accusantium ex qui omnis error quibusdam dicta. Eos culpa iste nesciunt minus voluptatem illo quaerat sunt. Provident perspiciatis in est deserunt cum officia pariatur dolore.','1988-03-17 21:36:56'),(64,64,64,'Voluptas aut atque temporibus fuga illo sit. Incidunt totam porro voluptatem repellendus temporibus aut porro distinctio. Quia sed alias soluta ullam pariatur est dolor explicabo. Quo nam aliquam fugiat quisquam tenetur omnis eos minima.','2018-11-11 04:47:29'),(65,65,65,'Quis aliquam maxime iste sequi exercitationem. Cupiditate sed rerum similique. Eveniet molestiae et non ut aut exercitationem.','2005-06-22 04:36:31'),(66,66,66,'Commodi qui et beatae et suscipit nulla neque. Est nostrum illum alias. Non adipisci non corporis sint. Quia qui dolorem dolore consequuntur aut vitae id.','2009-08-03 00:07:27'),(67,67,67,'Quidem et veniam ut non dolorem. Accusamus cum rerum suscipit minima doloremque. Optio eveniet nam sit rem. Sint minus cupiditate vel repellat perspiciatis nulla odit. Voluptates sapiente ad quae asperiores.','2006-10-31 20:21:38'),(68,68,68,'Minima expedita libero optio iure labore ratione nobis. Nobis quaerat numquam eos aliquam.','1983-12-22 18:58:32'),(69,69,69,'Harum quia minima voluptatibus quibusdam voluptatibus. Architecto architecto aut et. Quia id sint alias non. In et commodi minus id illo fuga magni.','2004-12-13 16:20:23'),(70,70,70,'Provident non dolore quibusdam. Dolor sequi dolor quis id perspiciatis. Magni unde distinctio magnam unde facere cupiditate et.','2002-06-24 02:57:34'),(71,71,71,'Rem omnis hic facere perspiciatis. Sunt occaecati ut rem quas. Distinctio veritatis at eos vero rerum sunt nam. Quasi exercitationem adipisci enim eveniet non minus.','1983-01-04 09:51:47'),(72,72,72,'Est facere in mollitia doloremque maiores dignissimos. Autem architecto atque commodi in. Accusantium qui voluptatem rerum aut eius optio maxime. Non quibusdam quia veritatis aut placeat ut sunt.','2003-01-15 19:03:16'),(73,73,73,'Consequuntur iste corporis est. Cupiditate ut sunt est voluptatem nostrum enim.','2008-02-06 03:51:51'),(74,74,74,'Unde veniam repudiandae dignissimos ipsum non. Voluptate est cum tenetur sapiente quia. Iure est rerum facilis nisi rerum. Laborum id eum hic totam consequatur et et neque.','1980-06-24 03:15:37'),(75,75,75,'Soluta molestias asperiores sunt cumque. Quia quis velit aperiam non est. Iste voluptates earum perspiciatis ut ut perspiciatis. Aut hic aut et ut eius dolorem id sed. Sunt voluptate sit eum omnis nemo.','2011-12-22 03:47:54'),(76,76,76,'Debitis corrupti doloremque autem nihil reprehenderit cum. Minima temporibus vel dolores rerum. Reprehenderit magnam est occaecati eos. Iste porro voluptatem vitae doloremque ad.','2003-01-07 05:20:30'),(77,77,77,'Quas et omnis deserunt illum. Veniam et odit architecto rerum. Quam qui nihil cum.','2000-12-26 18:07:04'),(78,78,78,'Sed ut aliquid aut explicabo. Est architecto odio quibusdam dolores rerum et. Sunt molestias est et vero dolorem debitis voluptatem. Similique labore quia aperiam et maxime recusandae.','2014-02-26 18:05:23'),(79,79,79,'Labore ratione et suscipit praesentium recusandae dolorem. Enim occaecati velit aliquid corrupti soluta voluptatem. Et sed neque aliquam fugiat hic sit iste. Aut sequi officiis dolores quia possimus nobis voluptas.','1998-06-21 15:04:28'),(80,80,80,'Sed similique dicta voluptatem doloribus provident. Molestiae sed autem tempore non fugit fugit nisi ipsa. Amet accusamus voluptatem enim ipsam aliquam quo reprehenderit repudiandae. Et sint nostrum et distinctio ratione tenetur.','1984-06-25 16:50:03'),(81,81,81,'Nobis in ut reprehenderit vero. Alias ducimus omnis blanditiis cupiditate eum mollitia est ducimus. Reprehenderit dolorem totam consequuntur necessitatibus.','1977-11-13 22:23:25'),(82,82,82,'Quis quo nam rerum et ut error quis. Et quas doloribus iure quasi vitae est eveniet. Odio odit quia et veniam ut et numquam.','1986-11-01 02:12:18'),(83,83,83,'Est aut tempora reiciendis provident distinctio explicabo dignissimos voluptatibus. Aspernatur tempora et aut porro aliquid voluptas. Voluptate et at officiis autem delectus eius et. Blanditiis et adipisci qui qui modi voluptates.','1991-11-04 10:04:20'),(84,84,84,'Minus dolorum aspernatur in. Voluptatem dolorem voluptatum dignissimos nemo dolores et deserunt voluptatem. Maxime numquam porro officia quaerat.','1989-04-24 02:49:21'),(85,85,85,'Veniam veniam cumque qui harum. Recusandae qui ex veritatis optio delectus. Voluptatem earum aut doloribus corporis. Et consequuntur velit ea et et porro.','1984-07-06 07:35:19'),(86,86,86,'Quisquam voluptatem voluptatem ullam eveniet voluptatem ut. Vero sequi tenetur eligendi aut non.','1988-02-18 12:15:47'),(87,87,87,'Accusantium eos molestiae illum vel voluptatum. Aut similique et velit et quo sit est. Illo quisquam rerum ut molestias. Est placeat maiores numquam quo eum esse quibusdam ducimus.','1974-08-10 10:17:14'),(88,88,88,'Consequatur optio quas hic deserunt quae dolorem. Qui rerum minima voluptates quia. Quae doloremque eligendi est possimus vel atque.','2001-08-15 06:17:15'),(89,89,89,'Tempora culpa eveniet labore sunt. Voluptatum impedit ut culpa voluptatum saepe et. Eius sequi rerum numquam labore unde adipisci sed earum.','1985-12-29 04:39:53'),(90,90,90,'Praesentium et aperiam voluptate asperiores et exercitationem accusantium. Sequi quo qui saepe nihil eius qui. Ipsam error laudantium est. Qui aspernatur quasi nemo blanditiis nisi accusantium.','1974-12-02 16:28:01'),(91,91,91,'Sit veritatis impedit dolores quo omnis autem et. Veniam consectetur et quia odio placeat sit. Perspiciatis temporibus voluptas tenetur repellendus quia odit.','1999-11-14 12:16:20'),(92,92,92,'Totam ea ipsa in eius autem omnis optio perspiciatis. Corrupti perferendis iusto perferendis odio ad. Corporis accusantium accusantium dolorem aut.','1999-04-07 22:37:36'),(93,93,93,'Quas facilis nisi quia rerum earum soluta harum. Sint non molestiae totam quia maiores. Vel quia totam distinctio eum. Quaerat omnis ipsa sit minima dolore nisi provident nesciunt.','1984-06-14 02:03:47'),(94,94,94,'Nihil omnis cum cupiditate error tenetur quia vero ratione. Ut commodi quo voluptatibus porro iusto. Eos dolorum velit ut ullam.','1991-03-02 18:53:10'),(95,95,95,'Dicta ea natus recusandae et. Architecto et sunt ex sit vel dolorum vel. Nostrum quod vitae et reprehenderit enim. Aliquam praesentium delectus culpa nam.','2014-05-31 21:24:50'),(96,96,96,'Voluptatum dolorum tempora et voluptas consectetur similique. Ea accusamus ut temporibus aut similique itaque facilis. Consequuntur sed doloribus reprehenderit asperiores doloribus eveniet. Aspernatur aspernatur optio labore numquam.','2010-01-25 04:57:11'),(97,97,97,'Voluptatibus itaque omnis deserunt ut. Non ab dolorem aperiam ad quaerat qui aspernatur. Cum aut consequatur consectetur officiis ut dolores delectus.','1983-07-29 16:29:39'),(98,98,98,'Ut dignissimos aut qui. Est sapiente ea laboriosam est.','2000-08-30 08:43:45'),(99,99,99,'Ipsam ipsum quae velit dolor doloremque. Qui ut incidunt nisi voluptatem dolores ad autem. Rerum molestiae fuga est nisi tempora dolor.','2019-01-19 01:31:53'),(100,100,100,'Pariatur voluptatibus quasi qui inventore tempore aut. Est voluptatem optio a qui quo. Dolore at eveniet sed ut.','1981-02-12 06:18:39');
/*!40000 ALTER TABLE `messages` ENABLE KEYS */;
UNLOCK TABLES;

--
-- Table structure for table `musics`
--

DROP TABLE IF EXISTS `musics`;
/*!40101 SET @saved_cs_client     = @@character_set_client */;
/*!40101 SET character_set_client = utf8 */;
CREATE TABLE `musics` (
  `id` bigint(20) unsigned NOT NULL AUTO_INCREMENT,
  `album_id` bigint(20) unsigned NOT NULL,
  `media_id` bigint(20) unsigned NOT NULL,
  PRIMARY KEY (`id`),
  KEY `album_id` (`album_id`),
  KEY `media_id` (`media_id`),
  CONSTRAINT `musics_ibfk_1` FOREIGN KEY (`album_id`) REFERENCES `musics_albums` (`id`) ON DELETE CASCADE ON UPDATE CASCADE,
  CONSTRAINT `musics_ibfk_2` FOREIGN KEY (`media_id`) REFERENCES `media` (`id`) ON DELETE CASCADE ON UPDATE CASCADE
) ENGINE=InnoDB AUTO_INCREMENT=101 DEFAULT CHARSET=utf8mb4 COLLATE=utf8mb4_unicode_ci;
/*!40101 SET character_set_client = @saved_cs_client */;

--
-- Dumping data for table `musics`
--

LOCK TABLES `musics` WRITE;
/*!40000 ALTER TABLE `musics` DISABLE KEYS */;
INSERT INTO `musics` VALUES (1,1,1),(2,2,2),(3,3,3),(4,4,4),(5,5,5),(6,6,6),(7,7,7),(8,8,8),(9,9,9),(10,10,10),(11,11,11),(12,12,12),(13,13,13),(14,14,14),(15,15,15),(16,16,16),(17,17,17),(18,18,18),(19,19,19),(20,20,20),(21,21,21),(22,22,22),(23,23,23),(24,24,24),(25,25,25),(26,26,26),(27,27,27),(28,28,28),(29,29,29),(30,30,30),(31,31,31),(32,32,32),(33,33,33),(34,34,34),(35,35,35),(36,36,36),(37,37,37),(38,38,38),(39,39,39),(40,40,40),(41,41,41),(42,42,42),(43,43,43),(44,44,44),(45,45,45),(46,46,46),(47,47,47),(48,48,48),(49,49,49),(50,50,50),(51,51,51),(52,52,52),(53,53,53),(54,54,54),(55,55,55),(56,56,56),(57,57,57),(58,58,58),(59,59,59),(60,60,60),(61,61,61),(62,62,62),(63,63,63),(64,64,64),(65,65,65),(66,66,66),(67,67,67),(68,68,68),(69,69,69),(70,70,70),(71,71,71),(72,72,72),(73,73,73),(74,74,74),(75,75,75),(76,76,76),(77,77,77),(78,78,78),(79,79,79),(80,80,80),(81,81,81),(82,82,82),(83,83,83),(84,84,84),(85,85,85),(86,86,86),(87,87,87),(88,88,88),(89,89,89),(90,90,90),(91,91,91),(92,92,92),(93,93,93),(94,94,94),(95,95,95),(96,96,96),(97,97,97),(98,98,98),(99,99,99),(100,100,100);
/*!40000 ALTER TABLE `musics` ENABLE KEYS */;
UNLOCK TABLES;

--
-- Table structure for table `musics_albums`
--

DROP TABLE IF EXISTS `musics_albums`;
/*!40101 SET @saved_cs_client     = @@character_set_client */;
/*!40101 SET character_set_client = utf8 */;
CREATE TABLE `musics_albums` (
  `id` bigint(20) unsigned NOT NULL AUTO_INCREMENT,
  `name` varchar(255) COLLATE utf8mb4_unicode_ci DEFAULT NULL,
  `user_id` bigint(20) unsigned DEFAULT NULL,
  PRIMARY KEY (`id`),
  UNIQUE KEY `id` (`id`),
  KEY `user_id` (`user_id`),
  CONSTRAINT `musics_albums_ibfk_1` FOREIGN KEY (`user_id`) REFERENCES `users` (`id`) ON DELETE SET NULL ON UPDATE CASCADE
) ENGINE=InnoDB AUTO_INCREMENT=101 DEFAULT CHARSET=utf8mb4 COLLATE=utf8mb4_unicode_ci;
/*!40101 SET character_set_client = @saved_cs_client */;

--
-- Dumping data for table `musics_albums`
--

LOCK TABLES `musics_albums` WRITE;
/*!40000 ALTER TABLE `musics_albums` DISABLE KEYS */;
INSERT INTO `musics_albums` VALUES (1,'qui',1),(2,'laudantium',2),(3,'aut',3),(4,'voluptas',4),(5,'qui',5),(6,'sint',6),(7,'et',7),(8,'sit',8),(9,'et',9),(10,'voluptatum',10),(11,'officia',11),(12,'omnis',12),(13,'assumenda',13),(14,'rerum',14),(15,'facere',15),(16,'voluptatem',16),(17,'eos',17),(18,'enim',18),(19,'incidunt',19),(20,'similique',20),(21,'non',21),(22,'qui',22),(23,'alias',23),(24,'nam',24),(25,'fugiat',25),(26,'totam',26),(27,'eos',27),(28,'sed',28),(29,'omnis',29),(30,'expedita',30),(31,'aspernatur',31),(32,'officia',32),(33,'molestiae',33),(34,'sunt',34),(35,'sed',35),(36,'itaque',36),(37,'odio',37),(38,'assumenda',38),(39,'ut',39),(40,'veritatis',40),(41,'iure',41),(42,'impedit',42),(43,'eos',43),(44,'adipisci',44),(45,'commodi',45),(46,'saepe',46),(47,'officia',47),(48,'totam',48),(49,'officiis',49),(50,'modi',50),(51,'sit',51),(52,'rerum',52),(53,'placeat',53),(54,'qui',54),(55,'sit',55),(56,'sunt',56),(57,'voluptas',57),(58,'fugiat',58),(59,'quo',59),(60,'est',60),(61,'magnam',61),(62,'unde',62),(63,'magnam',63),(64,'est',64),(65,'molestiae',65),(66,'amet',66),(67,'ab',67),(68,'molestias',68),(69,'non',69),(70,'similique',70),(71,'rem',71),(72,'amet',72),(73,'blanditiis',73),(74,'blanditiis',74),(75,'quae',75),(76,'voluptatem',76),(77,'beatae',77),(78,'voluptates',78),(79,'sunt',79),(80,'veniam',80),(81,'suscipit',81),(82,'doloremque',82),(83,'ut',83),(84,'esse',84),(85,'omnis',85),(86,'quos',86),(87,'voluptatem',87),(88,'odio',88),(89,'qui',89),(90,'exercitationem',90),(91,'omnis',91),(92,'et',92),(93,'ut',93),(94,'sed',94),(95,'quo',95),(96,'voluptas',96),(97,'nihil',97),(98,'aut',98),(99,'aperiam',99),(100,'aut',100);
/*!40000 ALTER TABLE `musics_albums` ENABLE KEYS */;
UNLOCK TABLES;

--
-- Table structure for table `photo_albums`
--

DROP TABLE IF EXISTS `photo_albums`;
/*!40101 SET @saved_cs_client     = @@character_set_client */;
/*!40101 SET character_set_client = utf8 */;
CREATE TABLE `photo_albums` (
  `id` bigint(20) unsigned NOT NULL AUTO_INCREMENT,
  `name` varchar(255) COLLATE utf8mb4_unicode_ci DEFAULT NULL,
  `user_id` bigint(20) unsigned DEFAULT NULL,
  PRIMARY KEY (`id`),
  UNIQUE KEY `id` (`id`),
  KEY `user_id` (`user_id`),
  CONSTRAINT `photo_albums_ibfk_1` FOREIGN KEY (`user_id`) REFERENCES `users` (`id`) ON DELETE SET NULL ON UPDATE CASCADE
) ENGINE=InnoDB AUTO_INCREMENT=101 DEFAULT CHARSET=utf8mb4 COLLATE=utf8mb4_unicode_ci;
/*!40101 SET character_set_client = @saved_cs_client */;

--
-- Dumping data for table `photo_albums`
--

LOCK TABLES `photo_albums` WRITE;
/*!40000 ALTER TABLE `photo_albums` DISABLE KEYS */;
INSERT INTO `photo_albums` VALUES (1,'velit',1),(2,'saepe',2),(3,'sapiente',3),(4,'eaque',4),(5,'rerum',5),(6,'iure',6),(7,'eos',7),(8,'qui',8),(9,'et',9),(10,'quo',10),(11,'voluptates',11),(12,'non',12),(13,'ea',13),(14,'modi',14),(15,'minima',15),(16,'voluptatem',16),(17,'nulla',17),(18,'modi',18),(19,'harum',19),(20,'magni',20),(21,'id',21),(22,'hic',22),(23,'consequatur',23),(24,'at',24),(25,'illum',25),(26,'deleniti',26),(27,'velit',27),(28,'corrupti',28),(29,'incidunt',29),(30,'consequatur',30),(31,'unde',31),(32,'qui',32),(33,'nemo',33),(34,'voluptas',34),(35,'eligendi',35),(36,'expedita',36),(37,'non',37),(38,'magni',38),(39,'dolores',39),(40,'ut',40),(41,'animi',41),(42,'doloribus',42),(43,'et',43),(44,'qui',44),(45,'autem',45),(46,'dolor',46),(47,'deleniti',47),(48,'commodi',48),(49,'ut',49),(50,'sunt',50),(51,'natus',51),(52,'nesciunt',52),(53,'quas',53),(54,'quaerat',54),(55,'quidem',55),(56,'qui',56),(57,'et',57),(58,'qui',58),(59,'distinctio',59),(60,'laboriosam',60),(61,'est',61),(62,'ratione',62),(63,'ad',63),(64,'assumenda',64),(65,'est',65),(66,'iusto',66),(67,'voluptatum',67),(68,'possimus',68),(69,'facere',69),(70,'id',70),(71,'ea',71),(72,'aliquam',72),(73,'soluta',73),(74,'modi',74),(75,'harum',75),(76,'doloribus',76),(77,'et',77),(78,'qui',78),(79,'molestiae',79),(80,'delectus',80),(81,'et',81),(82,'repellat',82),(83,'aut',83),(84,'sint',84),(85,'rerum',85),(86,'fugiat',86),(87,'incidunt',87),(88,'similique',88),(89,'nobis',89),(90,'aliquid',90),(91,'cum',91),(92,'et',92),(93,'ipsa',93),(94,'hic',94),(95,'omnis',95),(96,'voluptatem',96),(97,'ut',97),(98,'nihil',98),(99,'autem',99),(100,'deleniti',100);
/*!40000 ALTER TABLE `photo_albums` ENABLE KEYS */;
UNLOCK TABLES;

--
-- Table structure for table `photos`
--

DROP TABLE IF EXISTS `photos`;
/*!40101 SET @saved_cs_client     = @@character_set_client */;
/*!40101 SET character_set_client = utf8 */;
CREATE TABLE `photos` (
  `id` bigint(20) unsigned NOT NULL AUTO_INCREMENT,
  `album_id` bigint(20) unsigned NOT NULL,
  `media_id` bigint(20) unsigned NOT NULL,
  PRIMARY KEY (`id`),
  KEY `album_id` (`album_id`),
  KEY `media_id` (`media_id`),
  CONSTRAINT `photos_ibfk_1` FOREIGN KEY (`album_id`) REFERENCES `photo_albums` (`id`) ON DELETE CASCADE ON UPDATE CASCADE,
  CONSTRAINT `photos_ibfk_2` FOREIGN KEY (`media_id`) REFERENCES `media` (`id`) ON DELETE CASCADE ON UPDATE CASCADE
) ENGINE=InnoDB AUTO_INCREMENT=101 DEFAULT CHARSET=utf8mb4 COLLATE=utf8mb4_unicode_ci;
/*!40101 SET character_set_client = @saved_cs_client */;

--
-- Dumping data for table `photos`
--

LOCK TABLES `photos` WRITE;
/*!40000 ALTER TABLE `photos` DISABLE KEYS */;
INSERT INTO `photos` VALUES (1,1,1),(2,2,2),(3,3,3),(4,4,4),(5,5,5),(6,6,6),(7,7,7),(8,8,8),(9,9,9),(10,10,10),(11,11,11),(12,12,12),(13,13,13),(14,14,14),(15,15,15),(16,16,16),(17,17,17),(18,18,18),(19,19,19),(20,20,20),(21,21,21),(22,22,22),(23,23,23),(24,24,24),(25,25,25),(26,26,26),(27,27,27),(28,28,28),(29,29,29),(30,30,30),(31,31,31),(32,32,32),(33,33,33),(34,34,34),(35,35,35),(36,36,36),(37,37,37),(38,38,38),(39,39,39),(40,40,40),(41,41,41),(42,42,42),(43,43,43),(44,44,44),(45,45,45),(46,46,46),(47,47,47),(48,48,48),(49,49,49),(50,50,50),(51,51,51),(52,52,52),(53,53,53),(54,54,54),(55,55,55),(56,56,56),(57,57,57),(58,58,58),(59,59,59),(60,60,60),(61,61,61),(62,62,62),(63,63,63),(64,64,64),(65,65,65),(66,66,66),(67,67,67),(68,68,68),(69,69,69),(70,70,70),(71,71,71),(72,72,72),(73,73,73),(74,74,74),(75,75,75),(76,76,76),(77,77,77),(78,78,78),(79,79,79),(80,80,80),(81,81,81),(82,82,82),(83,83,83),(84,84,84),(85,85,85),(86,86,86),(87,87,87),(88,88,88),(89,89,89),(90,90,90),(91,91,91),(92,92,92),(93,93,93),(94,94,94),(95,95,95),(96,96,96),(97,97,97),(98,98,98),(99,99,99),(100,100,100);
/*!40000 ALTER TABLE `photos` ENABLE KEYS */;
UNLOCK TABLES;

--
-- Table structure for table `profiles`
--

DROP TABLE IF EXISTS `profiles`;
/*!40101 SET @saved_cs_client     = @@character_set_client */;
/*!40101 SET character_set_client = utf8 */;
CREATE TABLE `profiles` (
  `user_id` bigint(20) unsigned NOT NULL AUTO_INCREMENT,
  `gender` char(1) COLLATE utf8mb4_unicode_ci DEFAULT NULL,
  `birthday` date DEFAULT NULL,
  `photo_id` bigint(20) unsigned DEFAULT NULL,
  `created_at` datetime DEFAULT current_timestamp(),
  `hometown` varchar(100) COLLATE utf8mb4_unicode_ci DEFAULT NULL,
  PRIMARY KEY (`user_id`),
  CONSTRAINT `fk_user_id` FOREIGN KEY (`user_id`) REFERENCES `users` (`id`) ON DELETE CASCADE ON UPDATE CASCADE
) ENGINE=InnoDB AUTO_INCREMENT=101 DEFAULT CHARSET=utf8mb4 COLLATE=utf8mb4_unicode_ci;
/*!40101 SET character_set_client = @saved_cs_client */;

--
-- Dumping data for table `profiles`
--

LOCK TABLES `profiles` WRITE;
/*!40000 ALTER TABLE `profiles` DISABLE KEYS */;
INSERT INTO `profiles` VALUES (1,NULL,'1979-06-11',1,'1984-07-14 13:11:00',NULL),(2,NULL,'1986-10-03',2,'1987-01-22 17:29:08',NULL),(3,NULL,'1981-10-05',3,'1970-09-18 08:48:51',NULL),(4,NULL,'2003-03-07',4,'2009-12-11 09:58:26',NULL),(5,NULL,'1985-09-11',5,'1985-05-27 02:13:27',NULL),(6,NULL,'1994-01-12',6,'1972-11-28 22:59:41',NULL),(7,NULL,'2002-04-06',7,'1980-03-05 10:09:01',NULL),(8,NULL,'2000-11-08',8,'1991-05-04 13:53:39',NULL),(9,NULL,'1975-03-27',9,'1991-10-09 01:17:21',NULL),(10,NULL,'1996-02-04',10,'2014-03-20 22:13:44',NULL),(11,NULL,'1995-11-23',11,'1970-01-31 06:59:00',NULL),(12,NULL,'2002-04-27',12,'1977-06-28 15:41:05',NULL),(13,NULL,'1974-11-17',13,'2009-07-10 09:25:04',NULL),(14,NULL,'1988-02-17',14,'1977-10-21 07:21:34',NULL),(15,NULL,'1981-07-05',15,'1995-10-16 09:54:18',NULL),(16,NULL,'1981-10-23',16,'1992-01-17 05:38:31',NULL),(17,NULL,'2019-12-08',17,'2020-03-01 03:10:09',NULL),(18,NULL,'1978-12-26',18,'1971-03-19 02:21:26',NULL),(19,NULL,'1993-03-29',19,'1988-01-23 06:10:51',NULL),(20,NULL,'1980-08-16',20,'1999-02-10 03:09:50',NULL),(21,NULL,'1999-05-31',21,'2007-08-28 03:18:05',NULL),(22,NULL,'2013-01-27',22,'2021-02-24 22:32:16',NULL),(23,NULL,'1986-09-26',23,'1991-04-26 08:45:51',NULL),(24,NULL,'1976-04-20',24,'2005-03-29 22:56:53',NULL),(25,NULL,'1970-11-15',25,'1980-01-24 00:44:03',NULL),(26,NULL,'2002-03-11',26,'2011-11-15 19:12:18',NULL),(27,NULL,'1988-10-26',27,'2004-03-07 14:30:52',NULL),(28,NULL,'1997-09-29',28,'2013-05-28 03:24:46',NULL),(29,NULL,'2007-09-05',29,'1970-11-30 10:17:48',NULL),(30,NULL,'2010-06-23',30,'2018-03-02 22:18:48',NULL),(31,NULL,'1991-10-19',31,'2012-02-27 16:35:00',NULL),(32,NULL,'2000-05-25',32,'2013-04-12 10:40:26',NULL),(33,NULL,'2003-04-02',33,'1974-05-02 05:56:09',NULL),(34,NULL,'2020-03-02',34,'1982-10-25 03:40:33',NULL),(35,NULL,'2013-07-01',35,'1979-06-04 17:43:34',NULL),(36,NULL,'1989-10-10',36,'2007-10-27 12:46:58',NULL),(37,NULL,'1990-11-19',37,'1970-10-31 13:47:58',NULL),(38,NULL,'1975-11-09',38,'2011-05-10 12:13:57',NULL),(39,NULL,'1987-05-31',39,'2005-12-23 00:09:58',NULL),(40,NULL,'1985-04-26',40,'1974-07-08 04:03:59',NULL),(41,NULL,'2013-04-10',41,'1996-01-28 18:44:09',NULL),(42,NULL,'1997-03-23',42,'1970-05-27 03:03:13',NULL),(43,NULL,'1974-08-08',43,'1986-12-07 07:21:14',NULL),(44,NULL,'1999-05-03',44,'2013-10-31 12:56:32',NULL),(45,NULL,'1978-01-08',45,'2021-02-09 22:16:26',NULL),(46,NULL,'1998-06-20',46,'2002-04-18 11:00:09',NULL),(47,NULL,'1971-10-23',47,'2016-02-14 01:41:09',NULL),(48,NULL,'2006-08-25',48,'2012-04-09 03:09:52',NULL),(49,NULL,'1973-07-09',49,'1982-12-11 18:01:05',NULL),(50,NULL,'2002-11-02',50,'1998-01-07 08:50:46',NULL),(51,NULL,'2013-09-18',51,'2000-08-12 02:27:23',NULL),(52,NULL,'1981-01-23',52,'1970-07-17 14:21:30',NULL),(53,NULL,'1980-10-13',53,'1987-09-16 07:59:17',NULL),(54,NULL,'1994-10-17',54,'1975-08-01 00:12:45',NULL),(55,NULL,'1985-04-18',55,'2006-04-19 06:06:05',NULL),(56,NULL,'2016-01-09',56,'1977-07-05 06:57:24',NULL),(57,NULL,'2015-08-22',57,'2003-06-02 21:56:45',NULL),(58,NULL,'1975-11-28',58,'2008-01-06 14:33:31',NULL),(59,NULL,'2004-03-02',59,'1997-09-10 02:59:01',NULL),(60,NULL,'1977-02-01',60,'1983-06-02 05:06:38',NULL),(61,NULL,'2006-12-13',61,'1994-08-16 22:06:59',NULL),(62,NULL,'2000-03-10',62,'1982-11-08 10:46:28',NULL),(63,NULL,'2006-01-18',63,'1977-11-04 19:37:46',NULL),(64,NULL,'1978-11-19',64,'1989-09-11 20:03:16',NULL),(65,NULL,'1999-08-13',65,'2008-09-20 20:31:55',NULL),(66,NULL,'2003-02-20',66,'1999-07-10 08:37:44',NULL),(67,NULL,'2009-01-23',67,'2013-03-12 11:53:15',NULL),(68,NULL,'2002-04-01',68,'2007-10-28 20:33:16',NULL),(69,NULL,'2004-10-28',69,'1996-11-02 04:34:01',NULL),(70,NULL,'1998-06-05',70,'1983-07-24 02:27:49',NULL),(71,NULL,'1977-03-12',71,'1997-01-19 11:31:29',NULL),(72,NULL,'1994-06-29',72,'1976-04-21 10:14:32',NULL),(73,NULL,'2009-10-29',73,'1989-01-11 20:14:18',NULL),(74,NULL,'1996-11-06',74,'1981-10-18 00:29:04',NULL),(75,NULL,'1977-12-18',75,'1985-03-01 18:59:14',NULL),(76,NULL,'1988-10-18',76,'2013-01-02 19:34:58',NULL),(77,NULL,'2002-02-01',77,'2018-08-28 10:30:53',NULL),(78,NULL,'1986-10-16',78,'1991-11-01 00:20:36',NULL),(79,NULL,'1992-10-19',79,'1978-09-06 07:35:42',NULL),(80,NULL,'1991-02-03',80,'1991-04-20 17:35:26',NULL),(81,NULL,'1979-11-24',81,'1990-08-17 11:41:51',NULL),(82,NULL,'1997-10-29',82,'2012-03-25 20:42:11',NULL),(83,NULL,'1994-12-25',83,'1988-11-23 06:42:54',NULL),(84,NULL,'1987-02-15',84,'1982-03-05 01:00:37',NULL),(85,NULL,'2019-01-10',85,'1996-01-12 09:02:56',NULL),(86,NULL,'2002-01-28',86,'1980-03-16 19:30:57',NULL),(87,NULL,'1980-04-27',87,'2009-02-23 22:00:41',NULL),(88,NULL,'2021-01-29',88,'2009-08-09 00:56:07',NULL),(89,NULL,'1981-04-17',89,'1990-11-11 19:06:06',NULL),(90,NULL,'1991-02-28',90,'1982-12-01 15:35:33',NULL),(91,NULL,'1992-06-23',91,'2005-02-14 01:42:10',NULL),(92,NULL,'1995-05-16',92,'1989-11-18 13:34:50',NULL),(93,NULL,'2016-01-13',93,'1984-08-30 23:12:46',NULL),(94,NULL,'2016-08-01',94,'2011-08-10 11:26:36',NULL),(95,NULL,'2002-04-26',95,'2009-03-08 02:11:29',NULL),(96,NULL,'1992-10-09',96,'2016-03-08 08:12:33',NULL),(97,NULL,'1983-08-07',97,'2001-02-15 04:29:27',NULL),(98,NULL,'2017-05-19',98,'1970-04-23 19:44:23',NULL),(99,NULL,'2014-09-21',99,'1992-06-30 06:04:24',NULL),(100,NULL,'1973-07-02',100,'1986-10-26 11:16:31',NULL);
/*!40000 ALTER TABLE `profiles` ENABLE KEYS */;
UNLOCK TABLES;

--
-- Table structure for table `users`
--

DROP TABLE IF EXISTS `users`;
/*!40101 SET @saved_cs_client     = @@character_set_client */;
/*!40101 SET character_set_client = utf8 */;
CREATE TABLE `users` (
  `id` bigint(20) unsigned NOT NULL AUTO_INCREMENT,
  `firstname` varchar(100) COLLATE utf8mb4_unicode_ci DEFAULT NULL,
  `lastname` varchar(100) COLLATE utf8mb4_unicode_ci DEFAULT NULL COMMENT 'Фамилия',
  `email` varchar(100) COLLATE utf8mb4_unicode_ci DEFAULT NULL,
  `password_hash` varchar(100) COLLATE utf8mb4_unicode_ci DEFAULT NULL,
  `phone` bigint(20) unsigned DEFAULT NULL,
  `is_deleted` bit(1) DEFAULT b'0',
  PRIMARY KEY (`id`),
  UNIQUE KEY `email` (`email`),
  KEY `users_firstname_lastname_idx` (`lastname`,`firstname`)
) ENGINE=InnoDB AUTO_INCREMENT=101 DEFAULT CHARSET=utf8mb4 COLLATE=utf8mb4_unicode_ci;
/*!40101 SET character_set_client = @saved_cs_client */;

--
-- Dumping data for table `users`
--

LOCK TABLES `users` WRITE;
/*!40000 ALTER TABLE `users` DISABLE KEYS */;
INSERT INTO `users` VALUES (1,'Lucy','Kiehn','mason.reilly@example.org','3a69de7e296777a5d7ffadb65afc8dd06427449b',878052052,''),(2,'Nellie','Dare','blick.haleigh@example.org','acf19b03ba1722c11f0a2f111f309bdab71839c7',386366429,'\0'),(3,'Melisa','Kuhic','graham.ed@example.org','40d7e8cd3da08cb1506578b034ad0812ae278ec1',771382393,'\0'),(4,'Eriberto','Nikolaus','blittel@example.org','67a3d236ac240086259f76e9d2069571efeb39d6',212130388,''),(5,'Edwina','Witting','bberge@example.net','462f982d50014b8ba59920c03a84d27b3284b4e3',138932937,'\0'),(6,'Elmira','Langosh','kohler.geovanny@example.org','731b15175f342589010c3693ae6cb928e82d3d08',69258950,''),(7,'Vernice','Runte','jose.johnson@example.org','7ece286a4c8fb6e977852c1e2a466ecdcb258943',289398455,''),(8,'Tressie','Hyatt','marjory25@example.net','5c87ca225d37a2813e1a1581cb489addb1beecdf',275732577,''),(9,'Jaquelin','Mante','kiehn.reilly@example.net','e1b4806cae57449f6fa4fc4617c7b077b963ef31',666733564,'\0'),(10,'Shawn','Leuschke','kara.gutmann@example.net','5a1f9c1272efdd4a979fc3e74711aad547c52495',414726636,'\0'),(11,'Braeden','Luettgen','herminio.lindgren@example.com','793ed78b2e858c77c8f4c4c5a7b8d850cada4404',339879297,''),(12,'Gustave','Zboncak','dee77@example.org','a1e09376f780ed3faf530c0b3091ef99dcc04a5a',805519472,'\0'),(13,'Liliane','Rogahn','mfritsch@example.org','0292efe457296ee7c44ce0b212db0c805a6c26ad',874185709,''),(14,'Dock','Cummings','ernser.hobart@example.net','79673db2431a8531f9e9e843c971cf7ffbe987be',999462263,''),(15,'Benedict','Metz','asa99@example.net','2ad7aaa66e8adcdd38b9ad293c94849e5de1ab86',864282899,'\0'),(16,'Aric','Wuckert','andreanne.kunde@example.com','019323d30d943991594bc5ab687a1d700be65054',115183004,''),(17,'Trisha','Graham','zmedhurst@example.net','24d2584ade55a53081117a5dba267e93629c860f',974289778,'\0'),(18,'Dorothy','Grimes','nbruen@example.net','6c8425e1eae514d8f76c030c2b8c315ea462f36e',350230689,'\0'),(19,'Raoul','Nader','kailey.buckridge@example.org','ae9d2918cfed04bc4d20bd2b89abcc1fd9cf0518',850252229,''),(20,'Sydnie','Lowe','wconroy@example.org','7be5ea5844867d3b8be38fbacd99e77cffde6d5b',640351202,'\0'),(21,'Zola','Hane','adolphus04@example.com','68e9e092ce02e0d35006b2b7be94d9834208b7a8',824606932,''),(22,'Salvatore','Waelchi','harvey.windler@example.com','ca1b6cd5544f2b4f0bd8056b5a973326f8ca50ee',727765855,''),(23,'Nona','Turner','ptorp@example.net','01e0bc655c8d3469d567e0189901a3747be4539d',89024434,''),(24,'Macy','Metz','jayne83@example.org','e42d4bdb1d2ae16f5c9257fe9ca094a558460e4d',758825075,''),(25,'Creola','Brown','dibbert.vincenzo@example.net','b1fda77cec01ce14bc863f5e5aba068539d1612c',578963516,'\0'),(26,'Kolby','Macejkovic','dasia.o\'hara@example.com','59a6abde0da5146376c896a1fcde49c897b6f311',487740871,'\0'),(27,'Raphael','Zboncak','jeffrey.wisoky@example.net','6957ea3795cbaffc79946f66be83bb912c4c8147',536740741,''),(28,'Haven','Reilly','gaylord.eunice@example.org','df79d7320403e66af7419f3eb4d5aadc09b3fe46',211360496,'\0'),(29,'Tristian','Weimann','spencer.karine@example.net','eb0478a70eff930608faf9ffb2375cfd5d20cc37',452519579,'\0'),(30,'Jed','Nikolaus','bergnaum.josiah@example.net','fd0a2ec54a7d97378f43c15418299e482f9e4b32',986506615,'\0'),(31,'Christy','Luettgen','jameson58@example.org','8267664a4c9742a42b4074f9a691de083109d279',639194740,'\0'),(32,'Maxine','Von','ntorp@example.net','78a23a774b4440cf46249eab074442ec09fc12e7',646106272,'\0'),(33,'Raegan','Harber','gdeckow@example.net','3b75271ae5201dc69ee9f24b4178c3327fab2150',145737943,'\0'),(34,'Sherman','Haag','percy.nicolas@example.com','e50573e01e1cd40cdedf002745c0ef00c9d98193',455497189,'\0'),(35,'Janiya','Blanda','claud.kub@example.com','f2fe4195cd05e4a59f12cf6fc538fea2ea5a1889',363455111,''),(36,'Leora','Bahringer','milton09@example.com','e01f4b6e3a8d82d295f888f2cb5b70164b678f58',774692033,'\0'),(37,'Guiseppe','Williamson','quinton39@example.org','694cf982227d4df0b6d599bf2a7d599a04e11d5f',174177337,''),(38,'Augusta','Hane','juvenal90@example.org','55516d8ded4329761220bd6bd71d6eb24aa7942a',717872835,''),(39,'Russel','Hauck','ophelia45@example.org','995b84964d67f87a8a95551afc892ddda777dff0',177701079,''),(40,'Arturo','Schaden','qlang@example.net','6c01d78ea05db5283a6afa4132c0173ecf7a1c5d',945146843,''),(41,'Norberto','Bednar','hoeger.tremayne@example.net','e61b8349de2e378ed21ebebc7bbae7967a48c06b',875365266,'\0'),(42,'Moshe','Nicolas','francesca.bogisich@example.org','f57b0b5243d60c7b167e8129b1e08691185d07ae',228551105,''),(43,'Teagan','Zieme','fleuschke@example.com','d858c1af84fe632411dba85773c55c5f3e2ba290',934924893,'\0'),(44,'Oran','Corwin','izabella.lakin@example.com','43259efc6b4bac9775c5673c4c7e04184db105e2',530918301,'\0'),(45,'Mohamed','Haag','beulah53@example.org','f5d5afaade48fd290986639405db744cde574c24',780994597,'\0'),(46,'Russ','Kuhlman','casper.peggie@example.org','38289f946ca363d7f6cc549f221f937de6002831',15622938,''),(47,'Alexanne','Steuber','ila.moen@example.org','63a3592a5c3c8155fb698a8fe810d9606bd06191',152075846,'\0'),(48,'Hosea','Fahey','lindgren.eulalia@example.org','cebc449bd067235fc26825d80df8799988392dd5',706544549,'\0'),(49,'Charlie','Kemmer','schulist.sabrina@example.net','c5501831f8611ff6df6125de072b11cca9c9c350',206308761,''),(50,'Rosario','O\'Keefe','wallace.o\'keefe@example.com','e7c2e4bd45ccd85cc542a0c1fe64d2cde2fc0e4a',736309853,''),(51,'Demarco','Lemke','jenkins.susana@example.net','ba500b7c2f6c734fb854d0050e76283c68c53921',922670273,'\0'),(52,'Destiny','Gottlieb','abdullah.auer@example.net','2db0f54e070bab10cd328bc7212b307747e18ca0',113530193,''),(53,'Priscilla','Borer','oliver.tillman@example.org','09c1eb562420b30895c17631559ee2cbbc5e601c',223708898,''),(54,'Davon','Stiedemann','freddie97@example.net','38045cac79234e71f23a694ec6a417fc8e7f8f73',181578191,''),(55,'Tamia','Weissnat','macejkovic.rylee@example.com','e35c474e1e897420f730b471da27f6fb05cade03',804887286,'\0'),(56,'Zena','Stoltenberg','ashtyn.prosacco@example.com','a4558d2f475cef5424121e3757a9a68fac3d4d54',98308453,''),(57,'Reta','Friesen','o\'reilly.idella@example.org','37afb44f57aa20924d278c9853e494a1ddaba68f',666116739,''),(58,'Nikki','Veum','lessie74@example.com','e1ea07f060fc3243fb3a9c8f8e66746c16970534',221696232,''),(59,'Zachary','Hand','lesch.elliot@example.com','848050dccb3511f3235bf807e6a2e475d6bdcb17',698768316,'\0'),(60,'Celia','Waters','sophia.schneider@example.net','1bbec61ca0c9bd363d39d10278c1d10b0d6842d6',200967097,'\0'),(61,'Zaria','Lehner','bergnaum.constantin@example.com','fb283d2b93858d1cc668b40a3be40680fb362043',120567693,''),(62,'Bertram','Gutmann','velda46@example.com','8a924a47aed547a41b14aee707c3560ee88b2ea1',952865897,'\0'),(63,'Ofelia','Mosciski','eokuneva@example.com','f80df2398c6ecadfa889effb04327d4e070631ed',198869705,'\0'),(64,'Russell','Auer','cleta.strosin@example.com','ba31a246a56a51bb5552b4fd6455c9d56842f05e',758286036,''),(65,'Nya','Moore','king.terry@example.org','3cf2de99df551e7542795645ed164a0afdfc5847',627857085,''),(66,'Timothy','Cummerata','ryan.joy@example.com','92ea20bc71779d68025283117db8453f72c7f04d',972955812,'\0'),(67,'Kiarra','Bartoletti','orohan@example.net','66e2bc687b33ed0bd519836104c9bd5f45c0c277',694708296,'\0'),(68,'Maudie','Ebert','howell.alberto@example.org','0f41cbd46db38e9ba688cb5429a0346b63ce423c',387608487,''),(69,'Lonnie','Maggio','ko\'kon@example.net','84888eae93c3dfc11f49248a9b6a3e2880900c60',957147667,''),(70,'Curtis','Wilderman','ekoepp@example.net','618bdaa8b1aec7be9da584a037411c78751d4faf',595415039,'\0'),(71,'Deshawn','Feest','hailey77@example.com','df98fc38aa8df82bf33edc83a59f5d6b4fc2a0a2',450748545,''),(72,'Felipa','Conn','seth.yundt@example.net','1dd8b7ae754da0b98768d8b2c1f6cddc40e517dd',287664303,''),(73,'Monte','Grady','howell.anita@example.com','029760c78e1eca7c28c98df361b87ba38aabe0e4',11725201,''),(74,'Hilbert','Kreiger','deven19@example.net','419c7d36a0a3f587bd5c7ead5662ccbd7bf349b1',657727696,''),(75,'Wava','Hoeger','mconroy@example.net','7301719b887b795758393b59cd767bfbfcaa848a',481669608,''),(76,'Vicky','Kirlin','lrath@example.org','bcb159a7b51ebf03756e3ec8be505c59f899d317',399676275,'\0'),(77,'Carolanne','McKenzie','harvey.nannie@example.org','8b92bdd38484d74ecbcdb2b8de4a1cd740df9fc5',50110424,''),(78,'Geoffrey','Moore','rau.broderick@example.com','b6b2a3aee039ea5c2bd06ad52acd0885b17b700a',765452819,'\0'),(79,'Araceli','Renner','strosin.donnell@example.org','de8d33629ba25fb5b0e47834c91e4f6fd34be014',986782688,'\0'),(80,'Brooke','Boyle','green.senger@example.com','a478fa8e625e8797e8a5529948b4efb29e999bf9',99000118,'\0'),(81,'Janiya','Lesch','ola79@example.net','62865e9df69c6e991dd9b9bb8547eadb4050cf17',589130886,'\0'),(82,'Wendell','Hilll','arvilla.abernathy@example.com','4f37de3bc03ff207fa01410c8b36d0f2bbf4ce03',133802022,'\0'),(83,'Laurie','Lesch','maegan.parker@example.net','1b9114f34c265c6c130de553d9d04b2e65797980',302308645,''),(84,'Alberta','Hettinger','tate35@example.org','d8dc6df855f3e8caaa73b90e668b912bb462b4b0',804487758,'\0'),(85,'Juston','Haley','jkeebler@example.net','2e59599c285f16c5e16b696d01d1af07344b26b1',926837746,'\0'),(86,'Letha','Crona','kaci.hermiston@example.com','48c8ce7466e3262d1b9db2d8f444f91d3353d341',743796110,'\0'),(87,'Gwendolyn','DuBuque','wolf.judy@example.org','26c49377909958f82e936947bab21497d068717f',574981597,'\0'),(88,'Shaylee','Collier','elta.ledner@example.com','40bcd51dc53b20f1f8802ff99af022363c87bd23',802362778,'\0'),(89,'Zena','Parisian','schoen.maryjane@example.net','512984477d60b8967c99ae1d2091d7911cff1f24',357772749,'\0'),(90,'Zane','Bechtelar','anderson.lafayette@example.net','143d8649ad0f9b82afa80516b34d0012dfe70972',215148056,''),(91,'Margarett','Larson','leonel45@example.org','2c1ce66040a7a0ea6e9c93f2507ab9068122298b',66863588,'\0'),(92,'Kennedy','Graham','dibbert.jordyn@example.org','f7e4b04f964048cbb864ad811960531cafcbcec2',763064508,''),(93,'Courtney','Schaefer','casper.nyasia@example.com','b5266b1d96283be08ee8f65197904020f6e955c7',313339760,'\0'),(94,'Molly','Corkery','jovanny16@example.org','8b92267b1a0547c8cc9c47be198ec31a0b30b5b4',822735755,''),(95,'Eileen','Langworth','carmella63@example.com','651699324601c183dd9e0c4c23113cb5fe45ff63',748044873,'\0'),(96,'Robin','Considine','gutkowski.lue@example.org','df4fbd1318a71d29d6247e5d432f793a30fed6f7',820253480,''),(97,'Richmond','Wilkinson','pascale.waelchi@example.net','403286b2ea56ce956496682fff4aa4ad620def38',573058383,'\0'),(98,'Wilbert','Bogisich','mcclure.kolby@example.org','11828a30f199ab1a222f54e1392bda7a51fc3b7d',369155212,'\0'),(99,'Madyson','Bergnaum','gulgowski.perry@example.net','7871ba4b6eddad7dd0b4250913ee20a4d910f60f',281688749,'\0'),(100,'Edyth','Bauch','amiya.towne@example.com','3cff678922b0d47c272e763d3811d5a4a462d2f0',242466177,'\0');
/*!40000 ALTER TABLE `users` ENABLE KEYS */;
UNLOCK TABLES;

--
-- Table structure for table `users_communities`
--

DROP TABLE IF EXISTS `users_communities`;
/*!40101 SET @saved_cs_client     = @@character_set_client */;
/*!40101 SET character_set_client = utf8 */;
CREATE TABLE `users_communities` (
  `user_id` bigint(20) unsigned NOT NULL,
  `community_id` bigint(20) unsigned NOT NULL,
  PRIMARY KEY (`user_id`,`community_id`),
  KEY `community_id` (`community_id`),
  CONSTRAINT `users_communities_ibfk_1` FOREIGN KEY (`user_id`) REFERENCES `users` (`id`) ON DELETE CASCADE ON UPDATE CASCADE,
  CONSTRAINT `users_communities_ibfk_2` FOREIGN KEY (`community_id`) REFERENCES `communities` (`id`) ON DELETE CASCADE ON UPDATE CASCADE
) ENGINE=InnoDB DEFAULT CHARSET=utf8mb4 COLLATE=utf8mb4_unicode_ci;
/*!40101 SET character_set_client = @saved_cs_client */;

--
-- Dumping data for table `users_communities`
--

LOCK TABLES `users_communities` WRITE;
/*!40000 ALTER TABLE `users_communities` DISABLE KEYS */;
INSERT INTO `users_communities` VALUES (1,1),(2,2),(3,3),(4,4),(5,5),(6,6),(7,7),(8,8),(9,9),(10,10),(11,11),(12,12),(13,13),(14,14),(15,15),(16,16),(17,17),(18,18),(19,19),(20,20),(21,21),(22,22),(23,23),(24,24),(25,25),(26,26),(27,27),(28,28),(29,29),(30,30),(31,31),(32,32),(33,33),(34,34),(35,35),(36,36),(37,37),(38,38),(39,39),(40,40),(41,41),(42,42),(43,43),(44,44),(45,45),(46,46),(47,47),(48,48),(49,49),(50,50),(51,51),(52,52),(53,53),(54,54),(55,55),(56,56),(57,57),(58,58),(59,59),(60,60),(61,61),(62,62),(63,63),(64,64),(65,65),(66,66),(67,67),(68,68),(69,69),(70,70),(71,71),(72,72),(73,73),(74,74),(75,75),(76,76),(77,77),(78,78),(79,79),(80,80),(81,81),(82,82),(83,83),(84,84),(85,85),(86,86),(87,87),(88,88),(89,89),(90,90),(91,91),(92,92),(93,93),(94,94),(95,95),(96,96),(97,97),(98,98),(99,99),(100,100);
/*!40000 ALTER TABLE `users_communities` ENABLE KEYS */;
UNLOCK TABLES;

--
-- Table structure for table `video_albums`
--

DROP TABLE IF EXISTS `video_albums`;
/*!40101 SET @saved_cs_client     = @@character_set_client */;
/*!40101 SET character_set_client = utf8 */;
CREATE TABLE `video_albums` (
  `id` bigint(20) unsigned NOT NULL AUTO_INCREMENT,
  `name` varchar(255) COLLATE utf8mb4_unicode_ci DEFAULT NULL,
  `user_id` bigint(20) unsigned DEFAULT NULL,
  PRIMARY KEY (`id`),
  UNIQUE KEY `id` (`id`),
  KEY `user_id` (`user_id`),
  CONSTRAINT `video_albums_ibfk_1` FOREIGN KEY (`user_id`) REFERENCES `users` (`id`) ON DELETE SET NULL ON UPDATE CASCADE
) ENGINE=InnoDB AUTO_INCREMENT=101 DEFAULT CHARSET=utf8mb4 COLLATE=utf8mb4_unicode_ci;
/*!40101 SET character_set_client = @saved_cs_client */;

--
-- Dumping data for table `video_albums`
--

LOCK TABLES `video_albums` WRITE;
/*!40000 ALTER TABLE `video_albums` DISABLE KEYS */;
INSERT INTO `video_albums` VALUES (1,'mollitia',1),(2,'autem',2),(3,'odit',3),(4,'velit',4),(5,'voluptatem',5),(6,'enim',6),(7,'molestias',7),(8,'debitis',8),(9,'molestiae',9),(10,'natus',10),(11,'non',11),(12,'in',12),(13,'adipisci',13),(14,'laboriosam',14),(15,'laborum',15),(16,'quia',16),(17,'eaque',17),(18,'blanditiis',18),(19,'odit',19),(20,'quia',20),(21,'eos',21),(22,'labore',22),(23,'error',23),(24,'enim',24),(25,'neque',25),(26,'odio',26),(27,'ducimus',27),(28,'libero',28),(29,'quod',29),(30,'maiores',30),(31,'adipisci',31),(32,'ut',32),(33,'distinctio',33),(34,'facere',34),(35,'ut',35),(36,'aliquid',36),(37,'rerum',37),(38,'aut',38),(39,'error',39),(40,'minus',40),(41,'magnam',41),(42,'dolorum',42),(43,'nobis',43),(44,'aut',44),(45,'ut',45),(46,'dicta',46),(47,'nostrum',47),(48,'molestiae',48),(49,'nesciunt',49),(50,'saepe',50),(51,'in',51),(52,'voluptates',52),(53,'non',53),(54,'quo',54),(55,'tempora',55),(56,'exercitationem',56),(57,'ut',57),(58,'illum',58),(59,'aliquid',59),(60,'libero',60),(61,'fugiat',61),(62,'aut',62),(63,'unde',63),(64,'quis',64),(65,'corporis',65),(66,'est',66),(67,'aut',67),(68,'consequatur',68),(69,'fuga',69),(70,'optio',70),(71,'dolore',71),(72,'hic',72),(73,'enim',73),(74,'id',74),(75,'voluptas',75),(76,'repellat',76),(77,'sunt',77),(78,'error',78),(79,'nihil',79),(80,'repudiandae',80),(81,'et',81),(82,'officia',82),(83,'repellendus',83),(84,'nostrum',84),(85,'est',85),(86,'ut',86),(87,'quos',87),(88,'inventore',88),(89,'et',89),(90,'et',90),(91,'sit',91),(92,'porro',92),(93,'voluptate',93),(94,'quasi',94),(95,'quo',95),(96,'vel',96),(97,'aliquam',97),(98,'nostrum',98),(99,'libero',99),(100,'aperiam',100);
/*!40000 ALTER TABLE `video_albums` ENABLE KEYS */;
UNLOCK TABLES;

--
-- Table structure for table `videos`
--

DROP TABLE IF EXISTS `videos`;
/*!40101 SET @saved_cs_client     = @@character_set_client */;
/*!40101 SET character_set_client = utf8 */;
CREATE TABLE `videos` (
  `id` bigint(20) unsigned NOT NULL AUTO_INCREMENT,
  `album_id` bigint(20) unsigned NOT NULL,
  `media_id` bigint(20) unsigned NOT NULL,
  PRIMARY KEY (`id`),
  KEY `album_id` (`album_id`),
  KEY `media_id` (`media_id`),
  CONSTRAINT `videos_ibfk_1` FOREIGN KEY (`album_id`) REFERENCES `video_albums` (`id`) ON DELETE CASCADE ON UPDATE CASCADE,
  CONSTRAINT `videos_ibfk_2` FOREIGN KEY (`media_id`) REFERENCES `media` (`id`) ON DELETE CASCADE ON UPDATE CASCADE
) ENGINE=InnoDB AUTO_INCREMENT=101 DEFAULT CHARSET=utf8mb4 COLLATE=utf8mb4_unicode_ci;
/*!40101 SET character_set_client = @saved_cs_client */;

--
-- Dumping data for table `videos`
--

LOCK TABLES `videos` WRITE;
/*!40000 ALTER TABLE `videos` DISABLE KEYS */;
INSERT INTO `videos` VALUES (1,1,1),(2,2,2),(3,3,3),(4,4,4),(5,5,5),(6,6,6),(7,7,7),(8,8,8),(9,9,9),(10,10,10),(11,11,11),(12,12,12),(13,13,13),(14,14,14),(15,15,15),(16,16,16),(17,17,17),(18,18,18),(19,19,19),(20,20,20),(21,21,21),(22,22,22),(23,23,23),(24,24,24),(25,25,25),(26,26,26),(27,27,27),(28,28,28),(29,29,29),(30,30,30),(31,31,31),(32,32,32),(33,33,33),(34,34,34),(35,35,35),(36,36,36),(37,37,37),(38,38,38),(39,39,39),(40,40,40),(41,41,41),(42,42,42),(43,43,43),(44,44,44),(45,45,45),(46,46,46),(47,47,47),(48,48,48),(49,49,49),(50,50,50),(51,51,51),(52,52,52),(53,53,53),(54,54,54),(55,55,55),(56,56,56),(57,57,57),(58,58,58),(59,59,59),(60,60,60),(61,61,61),(62,62,62),(63,63,63),(64,64,64),(65,65,65),(66,66,66),(67,67,67),(68,68,68),(69,69,69),(70,70,70),(71,71,71),(72,72,72),(73,73,73),(74,74,74),(75,75,75),(76,76,76),(77,77,77),(78,78,78),(79,79,79),(80,80,80),(81,81,81),(82,82,82),(83,83,83),(84,84,84),(85,85,85),(86,86,86),(87,87,87),(88,88,88),(89,89,89),(90,90,90),(91,91,91),(92,92,92),(93,93,93),(94,94,94),(95,95,95),(96,96,96),(97,97,97),(98,98,98),(99,99,99),(100,100,100);
/*!40000 ALTER TABLE `videos` ENABLE KEYS */;
UNLOCK TABLES;
/*!40103 SET TIME_ZONE=@OLD_TIME_ZONE */;

/*!40101 SET SQL_MODE=@OLD_SQL_MODE */;
/*!40014 SET FOREIGN_KEY_CHECKS=@OLD_FOREIGN_KEY_CHECKS */;
/*!40014 SET UNIQUE_CHECKS=@OLD_UNIQUE_CHECKS */;
/*!40101 SET CHARACTER_SET_CLIENT=@OLD_CHARACTER_SET_CLIENT */;
/*!40101 SET CHARACTER_SET_RESULTS=@OLD_CHARACTER_SET_RESULTS */;
/*!40101 SET COLLATION_CONNECTION=@OLD_COLLATION_CONNECTION */;
/*!40111 SET SQL_NOTES=@OLD_SQL_NOTES */;

-- Dump completed on 2021-03-30  7:55:04
